scenario,attack_enabled,malicious_client_id,attack_scale,labels_per_client,round,optimizer,learning_rate,fl_test_loss,fl_test_accuracy,sfl_test_loss,sfl_test_accuracy,fl_minus_sfl_accuracy,global_l2_distance_fl_vs_sfl,fl_time_sec,sfl_time_sec,evaluation_time_sec,total_round_time_sec,weights_dir
baseline_no_attack,False,,0.0,1,1,SGD,0.005,2.3119002655029295,0.0892,2.3119002655029295,0.0892,0.0,0.0,3.1672861771658063,3.407448109006509,0.6566207648720592,7.238709802972153,results/weights/fl_vs_sfl_noniid_poisoning_attack/labels_1_per_client/baseline_no_attack
baseline_no_attack,False,,0.0,1,2,SGD,0.005,2.3107321426391603,0.0892,2.3107321426391603,0.0892,0.0,0.0,3.1997035888489336,3.3425020470749587,0.6653523270506412,7.213963693007827,results/weights/fl_vs_sfl_noniid_poisoning_attack/labels_1_per_client/baseline_no_attack
baseline_no_attack,False,,0.0,1,3,SGD,0.005,2.3095903438568115,0.0892,2.3095903438568115,0.0892,0.0,0.0,3.1089526100549847,3.3002177430316806,0.6772594770882279,7.089025736087933,results/weights/fl_vs_sfl_noniid_poisoning_attack/labels_1_per_client/baseline_no_attack
baseline_no_attack,False,,0.0,1,4,SGD,0.005,2.308583066558838,0.0892,2.308583066558838,0.0892,0.0,0.0,3.146391093963757,3.4079728149808943,0.6507589919492602,7.212121580960229,results/weights/fl_vs_sfl_noniid_poisoning_attack/labels_1_per_client/baseline_no_attack
baseline_no_attack,False,,0.0,1,5,SGD,0.005,2.307652515411377,0.0892,2.307652515411377,0.0892,0.0,0.0,3.116002802969888,3.3781661740504205,0.6531618980225176,7.150303869042546,results/weights/fl_vs_sfl_noniid_poisoning_attack/labels_1_per_client/baseline_no_attack
baseline_no_attack,False,,0.0,1,6,SGD,0.005,2.3069012615203857,0.0884,2.3069012615203857,0.0884,0.0,0.0,3.1251335460692644,3.3568677469156682,0.6617104320321232,7.146531017031521,results/weights/fl_vs_sfl_noniid_poisoning_attack/labels_1_per_client/baseline_no_attack
baseline_no_attack,False,,0.0,1,7,SGD,0.005,2.3067524913787842,0.0874,2.3067524913787842,0.0874,0.0,0.0,3.125149881001562,3.291498214006424,0.6597857158631086,7.079023303929716,results/weights/fl_vs_sfl_noniid_poisoning_attack/labels_1_per_client/baseline_no_attack
baseline_no_attack,False,,0.0,1,8,SGD,0.005,2.309721272659302,0.1093,2.309721272659302,0.1093,0.0,0.0,3.100853850133717,3.298346356023103,0.6865669579710811,7.088783105835319,results/weights/fl_vs_sfl_noniid_poisoning_attack/labels_1_per_client/baseline_no_attack
baseline_no_attack,False,,0.0,1,9,SGD,0.005,2.3331947597503664,0.1028,2.3331947597503664,0.1028,0.0,0.0,3.200900932075456,3.304050388978794,0.655883994884789,7.163466837955639,results/weights/fl_vs_sfl_noniid_poisoning_attack/labels_1_per_client/baseline_no_attack
baseline_no_attack,False,,0.0,1,10,SGD,0.005,2.364792588043213,0.1028,2.364792588043213,0.1028,0.0,0.0,3.062701197108254,3.226364618865773,0.6584020408336073,6.953698406927288,results/weights/fl_vs_sfl_noniid_poisoning_attack/labels_1_per_client/baseline_no_attack
baseline_no_attack,False,,0.0,1,11,SGD,0.005,2.371117403411865,0.1135,2.371117403411865,0.1135,0.0,0.0,3.0225243230815977,3.1625452970620245,0.6601791030261666,6.848180592060089,results/weights/fl_vs_sfl_noniid_poisoning_attack/labels_1_per_client/baseline_no_attack
baseline_no_attack,False,,0.0,1,12,SGD,0.005,2.3604266551971436,0.1135,2.3604266551971436,0.1135,0.0,0.0,3.131378284888342,3.297663633013144,0.6704659680835903,7.106099775992334,results/weights/fl_vs_sfl_noniid_poisoning_attack/labels_1_per_client/baseline_no_attack
baseline_no_attack,False,,0.0,1,13,SGD,0.005,2.3470843639373777,0.1135,2.3470843639373777,0.1135,0.0,0.0,3.185119415866211,3.3555956929922104,0.6520930919796228,7.195856510894373,results/weights/fl_vs_sfl_noniid_poisoning_attack/labels_1_per_client/baseline_no_attack
baseline_no_attack,False,,0.0,1,14,SGD,0.005,2.337348069000244,0.1135,2.337348069000244,0.1135,0.0,0.0,2.96055866102688,3.2247430719435215,0.6774547940585762,6.865398585097864,results/weights/fl_vs_sfl_noniid_poisoning_attack/labels_1_per_client/baseline_no_attack
baseline_no_attack,False,,0.0,1,15,SGD,0.005,2.3317667446136476,0.1135,2.3317667446136476,0.1135,0.0,0.0,3.106543977977708,3.27694245101884,0.7006409098394215,7.087104210164398,results/weights/fl_vs_sfl_noniid_poisoning_attack/labels_1_per_client/baseline_no_attack
baseline_no_attack,False,,0.0,1,16,SGD,0.005,2.328162380218506,0.1135,2.328162380218506,0.1135,0.0,0.0,3.2199496820103377,3.434879215899855,0.6568166671786457,7.314275067998096,results/weights/fl_vs_sfl_noniid_poisoning_attack/labels_1_per_client/baseline_no_attack
baseline_no_attack,False,,0.0,1,17,SGD,0.005,2.326910581970215,0.1135,2.326910581970215,0.1135,0.0,0.0,3.096368693979457,3.379831111058593,0.6674456580076367,7.146687456872314,results/weights/fl_vs_sfl_noniid_poisoning_attack/labels_1_per_client/baseline_no_attack
baseline_no_attack,False,,0.0,1,18,SGD,0.005,2.3257502269744874,0.1135,2.3257502269744874,0.1135,0.0,0.0,3.2188587770797312,3.2697173790074885,0.655102128861472,7.146777207031846,results/weights/fl_vs_sfl_noniid_poisoning_attack/labels_1_per_client/baseline_no_attack
baseline_no_attack,False,,0.0,1,19,SGD,0.005,2.325258715057373,0.1135,2.325258715057373,0.1135,0.0,0.0,3.115075031062588,3.22718113521114,0.6689122328534722,7.0138204749673605,results/weights/fl_vs_sfl_noniid_poisoning_attack/labels_1_per_client/baseline_no_attack
baseline_no_attack,False,,0.0,1,20,SGD,0.005,2.323367575073242,0.1135,2.323367575073242,0.1135,0.0,0.0,3.2132111471146345,3.227460830938071,0.6523952959105372,7.095684045925736,results/weights/fl_vs_sfl_noniid_poisoning_attack/labels_1_per_client/baseline_no_attack
baseline_no_attack,False,,0.0,1,21,SGD,0.005,2.322826460647583,0.1135,2.322826460647583,0.1135,0.0,0.0,3.015824642032385,3.162309375125915,0.655081010889262,6.836178512079641,results/weights/fl_vs_sfl_noniid_poisoning_attack/labels_1_per_client/baseline_no_attack
baseline_no_attack,False,,0.0,1,22,SGD,0.005,2.320228157043457,0.1135,2.320228157043457,0.1135,0.0,0.0,3.262972922064364,3.370748917106539,0.6649682649876922,7.305469861021265,results/weights/fl_vs_sfl_noniid_poisoning_attack/labels_1_per_client/baseline_no_attack
baseline_no_attack,False,,0.0,1,23,SGD,0.005,2.31905612411499,0.1135,2.31905612411499,0.1135,0.0,0.0,3.339585651876405,3.2915199620183557,0.6551088350825012,7.288788996869698,results/weights/fl_vs_sfl_noniid_poisoning_attack/labels_1_per_client/baseline_no_attack
baseline_no_attack,False,,0.0,1,24,SGD,0.005,2.3180121040344237,0.1135,2.3180121040344237,0.1135,0.0,0.0,3.1191165279597044,3.2151189148426056,0.6758964729961008,7.012841379037127,results/weights/fl_vs_sfl_noniid_poisoning_attack/labels_1_per_client/baseline_no_attack
baseline_no_attack,False,,0.0,1,25,SGD,0.005,2.316262725067139,0.1135,2.316262725067139,0.1135,0.0,0.0,3.0768445001449436,3.2455323000904173,0.663993407972157,6.989398138830438,results/weights/fl_vs_sfl_noniid_poisoning_attack/labels_1_per_client/baseline_no_attack
baseline_no_attack,False,,0.0,1,26,SGD,0.005,2.3140117847442627,0.1135,2.3140117847442627,0.1135,0.0,0.0,3.1972638750448823,3.1574826119467616,0.6566702867858112,7.0140105180907995,results/weights/fl_vs_sfl_noniid_poisoning_attack/labels_1_per_client/baseline_no_attack
baseline_no_attack,False,,0.0,1,27,SGD,0.005,2.313628886795044,0.1135,2.313628886795044,0.1135,0.0,0.0,3.118520305957645,3.4562179939821362,0.6525917528197169,7.229907400906086,results/weights/fl_vs_sfl_noniid_poisoning_attack/labels_1_per_client/baseline_no_attack
baseline_no_attack,False,,0.0,1,28,SGD,0.005,2.310121760559082,0.1135,2.310121760559082,0.1135,0.0,0.0,3.236453140154481,3.2466902390588075,0.6605496709235013,7.146667845081538,results/weights/fl_vs_sfl_noniid_poisoning_attack/labels_1_per_client/baseline_no_attack
baseline_no_attack,False,,0.0,1,29,SGD,0.005,2.3103258792877197,0.1135,2.3103258792877197,0.1135,0.0,0.0,3.1072850208729506,3.5063095409423113,0.6553592788986862,7.313071887940168,results/weights/fl_vs_sfl_noniid_poisoning_attack/labels_1_per_client/baseline_no_attack
baseline_no_attack,False,,0.0,1,30,SGD,0.005,2.3095928310394287,0.1135,2.3095928310394287,0.1135,0.0,0.0,3.280161412898451,3.600792784942314,0.6571667140815407,7.582038644934073,results/weights/fl_vs_sfl_noniid_poisoning_attack/labels_1_per_client/baseline_no_attack
baseline_no_attack,False,,0.0,1,31,SGD,0.005,2.3078258922576906,0.1135,2.3078258922576906,0.1135,0.0,0.0,3.215886088088155,3.2613402400165796,0.6663796880748123,7.146249408135191,results/weights/fl_vs_sfl_noniid_poisoning_attack/labels_1_per_client/baseline_no_attack
baseline_no_attack,False,,0.0,1,32,SGD,0.005,2.3077657203674318,0.1135,2.3077657203674318,0.1135,0.0,0.0,3.1868505920283496,3.4438119779806584,0.7019346931483597,7.338952808175236,results/weights/fl_vs_sfl_noniid_poisoning_attack/labels_1_per_client/baseline_no_attack
baseline_no_attack,False,,0.0,1,33,SGD,0.005,2.3045407844543457,0.1135,2.3045407844543457,0.1135,0.0,0.0,3.3047897869255394,3.3496212591417134,0.6830342588946223,7.381803148891777,results/weights/fl_vs_sfl_noniid_poisoning_attack/labels_1_per_client/baseline_no_attack
baseline_no_attack,False,,0.0,1,34,SGD,0.005,2.3044564208984375,0.1135,2.3044564208984375,0.1135,0.0,0.0,3.105796732008457,3.41724562109448,0.6637271270155907,7.22962852101773,results/weights/fl_vs_sfl_noniid_poisoning_attack/labels_1_per_client/baseline_no_attack
baseline_no_attack,False,,0.0,1,35,SGD,0.005,2.3023057750701903,0.1135,2.3023057750701903,0.1135,0.0,0.0,3.1003454430028796,3.3787766608875245,0.6492822109721601,7.171152500901371,results/weights/fl_vs_sfl_noniid_poisoning_attack/labels_1_per_client/baseline_no_attack
baseline_no_attack,False,,0.0,1,36,SGD,0.005,2.3037863651275634,0.1135,2.3037863651275634,0.1135,0.0,0.0,2.9958424118813127,3.116965430090204,0.6489046812057495,6.764576620189473,results/weights/fl_vs_sfl_noniid_poisoning_attack/labels_1_per_client/baseline_no_attack
baseline_no_attack,False,,0.0,1,37,SGD,0.005,2.3025917121887205,0.1135,2.3025917121887205,0.1135,0.0,0.0,3.028429420897737,3.1971918428316712,0.6699303288478404,6.898242471041158,results/weights/fl_vs_sfl_noniid_poisoning_attack/labels_1_per_client/baseline_no_attack
baseline_no_attack,False,,0.0,1,38,SGD,0.005,2.29967576751709,0.1135,2.29967576751709,0.1135,0.0,0.0,3.250016807112843,3.3126024617813528,0.6516845040023327,7.220970042049885,results/weights/fl_vs_sfl_noniid_poisoning_attack/labels_1_per_client/baseline_no_attack
baseline_no_attack,False,,0.0,1,39,SGD,0.005,2.2990981227874756,0.1135,2.2990981227874756,0.1135,0.0,0.0,2.9224399221129715,3.2965424319263548,0.6594010968692601,6.880951463012025,results/weights/fl_vs_sfl_noniid_poisoning_attack/labels_1_per_client/baseline_no_attack
baseline_no_attack,False,,0.0,1,40,SGD,0.005,2.3003306533813475,0.1135,2.3003306533813475,0.1135,0.0,0.0,3.0267747300677,3.473589174915105,0.6762785748578608,7.179579519899562,results/weights/fl_vs_sfl_noniid_poisoning_attack/labels_1_per_client/baseline_no_attack
baseline_no_attack,False,,0.0,1,41,SGD,0.005,2.298557844161987,0.1135,2.298557844161987,0.1135,0.0,0.0,3.0608566268347204,3.227880763122812,0.656866705045104,6.948169046081603,results/weights/fl_vs_sfl_noniid_poisoning_attack/labels_1_per_client/baseline_no_attack
baseline_no_attack,False,,0.0,1,42,SGD,0.005,2.2984593338012695,0.1135,2.2984593338012695,0.1135,0.0,0.0,2.913166248006746,3.240242670988664,0.6567672370001674,6.812753771897405,results/weights/fl_vs_sfl_noniid_poisoning_attack/labels_1_per_client/baseline_no_attack
baseline_no_attack,False,,0.0,1,43,SGD,0.005,2.2985559501647947,0.1135,2.2985559501647947,0.1135,0.0,0.0,3.063653347082436,3.37694035214372,0.6542510678991675,7.097495498834178,results/weights/fl_vs_sfl_noniid_poisoning_attack/labels_1_per_client/baseline_no_attack
baseline_no_attack,False,,0.0,1,44,SGD,0.005,2.2986474227905274,0.1135,2.2986474227905274,0.1135,0.0,0.0,3.148988587083295,3.2532883039675653,0.6504184079822153,7.055359606863931,results/weights/fl_vs_sfl_noniid_poisoning_attack/labels_1_per_client/baseline_no_attack
baseline_no_attack,False,,0.0,1,45,SGD,0.005,2.2963548664093016,0.1334,2.2963548664093016,0.1334,0.0,0.0,3.0805632409173995,3.385867957957089,0.6684602710884064,7.138017558958381,results/weights/fl_vs_sfl_noniid_poisoning_attack/labels_1_per_client/baseline_no_attack
baseline_no_attack,False,,0.0,1,46,SGD,0.005,2.296704470062256,0.1135,2.296704470062256,0.1135,0.0,0.0,2.90955051779747,3.342571266926825,0.6554859979078174,6.913981639081612,results/weights/fl_vs_sfl_noniid_poisoning_attack/labels_1_per_client/baseline_no_attack
baseline_no_attack,False,,0.0,1,47,SGD,0.005,2.295018213272095,0.1238,2.295018213272095,0.1238,0.0,0.0,3.1904634970705956,3.3345635591540486,0.6591129349544644,7.189585042186081,results/weights/fl_vs_sfl_noniid_poisoning_attack/labels_1_per_client/baseline_no_attack
baseline_no_attack,False,,0.0,1,48,SGD,0.005,2.2961086666107176,0.1135,2.2961086666107176,0.1135,0.0,0.0,3.0752282708417624,3.0964432701002806,0.6723860560450703,6.846761879045516,results/weights/fl_vs_sfl_noniid_poisoning_attack/labels_1_per_client/baseline_no_attack
baseline_no_attack,False,,0.0,1,49,SGD,0.005,2.2970213905334473,0.1135,2.2970213905334473,0.1135,0.0,0.0,3.2064842809922993,3.366072995122522,0.6577471971977502,7.2378025411162525,results/weights/fl_vs_sfl_noniid_poisoning_attack/labels_1_per_client/baseline_no_attack
baseline_no_attack,False,,0.0,1,50,SGD,0.005,2.2952989917755127,0.1144,2.2952989917755127,0.1144,0.0,0.0,2.904197765979916,3.164689427940175,0.6628101321402937,6.734594549052417,results/weights/fl_vs_sfl_noniid_poisoning_attack/labels_1_per_client/baseline_no_attack
attack_client_0_scale_minus_5p0,True,0,-5.0,1,1,SGD,0.005,2.320169012451172,0.0892,2.320169012451172,0.0892,0.0,0.0,3.155203213915229,3.2860253830440342,0.6720533519983292,7.115912317996845,results/weights/fl_vs_sfl_noniid_poisoning_attack/labels_1_per_client/attack_client_0_scale_minus_5p0
attack_client_0_scale_minus_5p0,True,0,-5.0,1,2,SGD,0.005,2.336365315246582,0.0892,2.336365315246582,0.0892,0.0,0.0,3.157116253860295,3.4363831439986825,0.66271563898772,7.263364942045882,results/weights/fl_vs_sfl_noniid_poisoning_attack/labels_1_per_client/attack_client_0_scale_minus_5p0
attack_client_0_scale_minus_5p0,True,0,-5.0,1,3,SGD,0.005,2.36484634475708,0.0892,2.36484634475708,0.0892,0.0,0.0,3.1289637139998376,3.196772249182686,0.693424621829763,7.022150773089379,results/weights/fl_vs_sfl_noniid_poisoning_attack/labels_1_per_client/attack_client_0_scale_minus_5p0
attack_client_0_scale_minus_5p0,True,0,-5.0,1,4,SGD,0.005,2.417555043029785,0.0892,2.417555043029785,0.0892,0.0,0.0,3.280406459933147,3.2959460699930787,0.6688232868909836,7.248515001963824,results/weights/fl_vs_sfl_noniid_poisoning_attack/labels_1_per_client/attack_client_0_scale_minus_5p0
attack_client_0_scale_minus_5p0,True,0,-5.0,1,5,SGD,0.005,2.5570208305358886,0.0892,2.5570208305358886,0.0892,0.0,0.0,3.086046920856461,3.2989374820608646,0.683392187114805,7.071658127941191,results/weights/fl_vs_sfl_noniid_poisoning_attack/labels_1_per_client/attack_client_0_scale_minus_5p0
attack_client_0_scale_minus_5p0,True,0,-5.0,1,6,SGD,0.005,3.2402543071746828,0.0892,3.2402543071746828,0.0892,0.0,0.0,3.200549623928964,3.388474830891937,0.6638556660618633,7.255919039947912,results/weights/fl_vs_sfl_noniid_poisoning_attack/labels_1_per_client/attack_client_0_scale_minus_5p0
attack_client_0_scale_minus_5p0,True,0,-5.0,1,7,SGD,0.005,6.2825228813171385,0.0892,6.2825228813171385,0.0892,0.0,0.0,3.0417713769711554,3.291256160940975,0.6834567331243306,7.0222223398741335,results/weights/fl_vs_sfl_noniid_poisoning_attack/labels_1_per_client/attack_client_0_scale_minus_5p0
attack_client_0_scale_minus_5p0,True,0,-5.0,1,8,SGD,0.005,20.338743405151366,0.0892,20.338743405151366,0.0892,0.0,0.0,3.2188391441013664,3.385258903959766,0.6650134220253676,7.272132671903819,results/weights/fl_vs_sfl_noniid_poisoning_attack/labels_1_per_client/attack_client_0_scale_minus_5p0
attack_client_0_scale_minus_5p0,True,0,-5.0,1,9,SGD,0.005,85.99532318115234,0.0892,85.99532318115234,0.0892,0.0,0.0,3.0862254970707,3.2617952621076256,0.6538383159786463,7.0047978821676224,results/weights/fl_vs_sfl_noniid_poisoning_attack/labels_1_per_client/attack_client_0_scale_minus_5p0
attack_client_0_scale_minus_5p0,True,0,-5.0,1,10,SGD,0.005,445.1280631347656,0.1032,445.1280631347656,0.1032,0.0,0.0,3.1487220169510692,3.207196508999914,0.6719880138989538,7.030913278926164,results/weights/fl_vs_sfl_noniid_poisoning_attack/labels_1_per_client/attack_client_0_scale_minus_5p0
attack_client_0_scale_minus_5p0,True,0,-5.0,1,11,SGD,0.005,11160.299609375,0.101,11160.299609375,0.101,0.0,0.0,3.272735808044672,3.2814675560221076,0.6638256481382996,7.220967196160927,results/weights/fl_vs_sfl_noniid_poisoning_attack/labels_1_per_client/attack_client_0_scale_minus_5p0
attack_client_0_scale_minus_5p0,True,0,-5.0,1,12,SGD,0.005,205139520.7168,0.0974,205139520.7168,0.0974,0.0,0.0,3.2821992598474026,3.3195817810483277,0.6748167958576232,7.281100975116715,results/weights/fl_vs_sfl_noniid_poisoning_attack/labels_1_per_client/attack_client_0_scale_minus_5p0
attack_client_0_scale_minus_5p0,True,0,-5.0,1,13,SGD,0.005,1.0796545872219696e+25,0.101,1.0796545872219696e+25,0.101,0.0,0.0,3.061739433091134,3.0935451379045844,0.6721656271256506,6.8304678469430655,results/weights/fl_vs_sfl_noniid_poisoning_attack/labels_1_per_client/attack_client_0_scale_minus_5p0
attack_client_0_scale_minus_5p0,True,0,-5.0,1,14,SGD,0.005,,0.098,,0.098,0.0,,3.100620924960822,3.42954089702107,0.6635147368069738,7.196782768005505,results/weights/fl_vs_sfl_noniid_poisoning_attack/labels_1_per_client/attack_client_0_scale_minus_5p0
attack_client_0_scale_minus_5p0,True,0,-5.0,1,15,SGD,0.005,,0.098,,0.098,0.0,,3.1430177679285407,3.201824652031064,0.6574778079520911,7.005341141950339,results/weights/fl_vs_sfl_noniid_poisoning_attack/labels_1_per_client/attack_client_0_scale_minus_5p0
attack_client_0_scale_minus_5p0,True,0,-5.0,1,16,SGD,0.005,,0.098,,0.098,0.0,,3.068813990103081,3.276308477157727,0.6546592910308391,7.005440508015454,results/weights/fl_vs_sfl_noniid_poisoning_attack/labels_1_per_client/attack_client_0_scale_minus_5p0
attack_client_0_scale_minus_5p0,True,0,-5.0,1,17,SGD,0.005,,0.098,,0.098,0.0,,3.162614817963913,3.2020757168065757,0.6782719038892537,7.045942682074383,results/weights/fl_vs_sfl_noniid_poisoning_attack/labels_1_per_client/attack_client_0_scale_minus_5p0
attack_client_0_scale_minus_5p0,True,0,-5.0,1,18,SGD,0.005,,0.098,,0.098,0.0,,3.1562367100268602,3.3112410218454897,0.6702593590598553,7.1407024641521275,results/weights/fl_vs_sfl_noniid_poisoning_attack/labels_1_per_client/attack_client_0_scale_minus_5p0
attack_client_0_scale_minus_5p0,True,0,-5.0,1,19,SGD,0.005,,0.098,,0.098,0.0,,3.2684695010539144,3.3961717509664595,0.6627467479556799,7.33034936292097,results/weights/fl_vs_sfl_noniid_poisoning_attack/labels_1_per_client/attack_client_0_scale_minus_5p0
attack_client_0_scale_minus_5p0,True,0,-5.0,1,20,SGD,0.005,,0.098,,0.098,0.0,,3.1951198528986424,3.355854569002986,0.6590119081083685,7.21276372205466,results/weights/fl_vs_sfl_noniid_poisoning_attack/labels_1_per_client/attack_client_0_scale_minus_5p0
attack_client_0_scale_minus_5p0,True,0,-5.0,1,21,SGD,0.005,,0.098,,0.098,0.0,,2.944064631126821,3.287186980014667,0.6642769970931113,6.898205152945593,results/weights/fl_vs_sfl_noniid_poisoning_attack/labels_1_per_client/attack_client_0_scale_minus_5p0
attack_client_0_scale_minus_5p0,True,0,-5.0,1,22,SGD,0.005,,0.098,,0.098,0.0,,3.114403426181525,3.2752079118508846,0.6629198868758976,7.055480222916231,results/weights/fl_vs_sfl_noniid_poisoning_attack/labels_1_per_client/attack_client_0_scale_minus_5p0
attack_client_0_scale_minus_5p0,True,0,-5.0,1,23,SGD,0.005,,0.098,,0.098,0.0,,3.1934922840446234,3.4348853891715407,0.6805042899213731,7.311818891204894,results/weights/fl_vs_sfl_noniid_poisoning_attack/labels_1_per_client/attack_client_0_scale_minus_5p0
attack_client_0_scale_minus_5p0,True,0,-5.0,1,24,SGD,0.005,,0.098,,0.098,0.0,,3.0216497040819377,3.4065296340268105,0.6651653600856662,7.098502346081659,results/weights/fl_vs_sfl_noniid_poisoning_attack/labels_1_per_client/attack_client_0_scale_minus_5p0
attack_client_0_scale_minus_5p0,True,0,-5.0,1,25,SGD,0.005,,0.098,,0.098,0.0,,3.1119162729009986,3.269150126958266,0.6559412539936602,7.039604219142348,results/weights/fl_vs_sfl_noniid_poisoning_attack/labels_1_per_client/attack_client_0_scale_minus_5p0
attack_client_0_scale_minus_5p0,True,0,-5.0,1,26,SGD,0.005,,0.098,,0.098,0.0,,2.9930824781768024,3.3686809479258955,0.6808181740343571,7.045537379803136,results/weights/fl_vs_sfl_noniid_poisoning_attack/labels_1_per_client/attack_client_0_scale_minus_5p0
attack_client_0_scale_minus_5p0,True,0,-5.0,1,27,SGD,0.005,,0.098,,0.098,0.0,,3.1513506579212844,3.314930059015751,0.6776178078725934,7.1480608999263495,results/weights/fl_vs_sfl_noniid_poisoning_attack/labels_1_per_client/attack_client_0_scale_minus_5p0
attack_client_0_scale_minus_5p0,True,0,-5.0,1,28,SGD,0.005,,0.098,,0.098,0.0,,3.1744020879268646,3.4974363329820335,0.672053644200787,7.346569383051246,results/weights/fl_vs_sfl_noniid_poisoning_attack/labels_1_per_client/attack_client_0_scale_minus_5p0
attack_client_0_scale_minus_5p0,True,0,-5.0,1,29,SGD,0.005,,0.098,,0.098,0.0,,3.1811575850006193,3.292990545043722,0.6722006550990045,7.149507242953405,results/weights/fl_vs_sfl_noniid_poisoning_attack/labels_1_per_client/attack_client_0_scale_minus_5p0
attack_client_0_scale_minus_5p0,True,0,-5.0,1,30,SGD,0.005,,0.098,,0.098,0.0,,3.1805710080079734,3.2228799171280116,0.6635661169420928,7.07017360185273,results/weights/fl_vs_sfl_noniid_poisoning_attack/labels_1_per_client/attack_client_0_scale_minus_5p0
attack_client_0_scale_minus_5p0,True,0,-5.0,1,31,SGD,0.005,,0.098,,0.098,0.0,,3.2198289721272886,3.254200985888019,0.6617861101403832,7.138960393844172,results/weights/fl_vs_sfl_noniid_poisoning_attack/labels_1_per_client/attack_client_0_scale_minus_5p0
attack_client_0_scale_minus_5p0,True,0,-5.0,1,32,SGD,0.005,,0.098,,0.098,0.0,,3.0438859860878438,3.308582884958014,0.6570092109031975,7.012825963785872,results/weights/fl_vs_sfl_noniid_poisoning_attack/labels_1_per_client/attack_client_0_scale_minus_5p0
attack_client_0_scale_minus_5p0,True,0,-5.0,1,33,SGD,0.005,,0.098,,0.098,0.0,,3.018106868956238,3.2841987339779735,0.6517367011401802,6.9566751851234585,results/weights/fl_vs_sfl_noniid_poisoning_attack/labels_1_per_client/attack_client_0_scale_minus_5p0
attack_client_0_scale_minus_5p0,True,0,-5.0,1,34,SGD,0.005,,0.098,,0.098,0.0,,3.325668509118259,3.1655862820334733,0.6598405609838665,7.154222036944702,results/weights/fl_vs_sfl_noniid_poisoning_attack/labels_1_per_client/attack_client_0_scale_minus_5p0
attack_client_0_scale_minus_5p0,True,0,-5.0,1,35,SGD,0.005,,0.098,,0.098,0.0,,3.090037008980289,3.1981300010811538,0.6646161919925362,6.955771618988365,results/weights/fl_vs_sfl_noniid_poisoning_attack/labels_1_per_client/attack_client_0_scale_minus_5p0
attack_client_0_scale_minus_5p0,True,0,-5.0,1,36,SGD,0.005,,0.098,,0.098,0.0,,3.1968445628881454,3.2191679100506008,0.6621370729990304,7.081445605028421,results/weights/fl_vs_sfl_noniid_poisoning_attack/labels_1_per_client/attack_client_0_scale_minus_5p0
attack_client_0_scale_minus_5p0,True,0,-5.0,1,37,SGD,0.005,,0.098,,0.098,0.0,,3.226528669008985,3.104536938946694,0.6553030291106552,6.989078463986516,results/weights/fl_vs_sfl_noniid_poisoning_attack/labels_1_per_client/attack_client_0_scale_minus_5p0
attack_client_0_scale_minus_5p0,True,0,-5.0,1,38,SGD,0.005,,0.098,,0.098,0.0,,3.125117229996249,3.363661946961656,0.6547454979736358,7.14612316689454,results/weights/fl_vs_sfl_noniid_poisoning_attack/labels_1_per_client/attack_client_0_scale_minus_5p0
attack_client_0_scale_minus_5p0,True,0,-5.0,1,39,SGD,0.005,,0.098,,0.098,0.0,,3.303137319162488,3.3858180409297347,0.6870497800409794,7.3814375752117485,results/weights/fl_vs_sfl_noniid_poisoning_attack/labels_1_per_client/attack_client_0_scale_minus_5p0
attack_client_0_scale_minus_5p0,True,0,-5.0,1,40,SGD,0.005,,0.098,,0.098,0.0,,3.1436926359310746,3.129135905066505,0.6543222630862147,6.929871995002031,results/weights/fl_vs_sfl_noniid_poisoning_attack/labels_1_per_client/attack_client_0_scale_minus_5p0
attack_client_0_scale_minus_5p0,True,0,-5.0,1,41,SGD,0.005,,0.098,,0.098,0.0,,3.232830568915233,3.2377612909767777,0.6555581500288099,7.129904516972601,results/weights/fl_vs_sfl_noniid_poisoning_attack/labels_1_per_client/attack_client_0_scale_minus_5p0
attack_client_0_scale_minus_5p0,True,0,-5.0,1,42,SGD,0.005,,0.098,,0.098,0.0,,3.084986293921247,3.4321782821789384,0.6682854839600623,7.188471573870629,results/weights/fl_vs_sfl_noniid_poisoning_attack/labels_1_per_client/attack_client_0_scale_minus_5p0
attack_client_0_scale_minus_5p0,True,0,-5.0,1,43,SGD,0.005,,0.098,,0.098,0.0,,3.1876049630809575,3.3052900950424373,0.6690888348966837,7.166433037957177,results/weights/fl_vs_sfl_noniid_poisoning_attack/labels_1_per_client/attack_client_0_scale_minus_5p0
attack_client_0_scale_minus_5p0,True,0,-5.0,1,44,SGD,0.005,,0.098,,0.098,0.0,,3.179641016991809,3.3155625460203737,0.6534452561754733,7.151333753950894,results/weights/fl_vs_sfl_noniid_poisoning_attack/labels_1_per_client/attack_client_0_scale_minus_5p0
attack_client_0_scale_minus_5p0,True,0,-5.0,1,45,SGD,0.005,,0.098,,0.098,0.0,,3.244642267934978,3.240195049904287,0.6512922961264849,7.13878135709092,results/weights/fl_vs_sfl_noniid_poisoning_attack/labels_1_per_client/attack_client_0_scale_minus_5p0
attack_client_0_scale_minus_5p0,True,0,-5.0,1,46,SGD,0.005,,0.098,,0.098,0.0,,3.0861758240498602,3.3799175198655576,0.7021204570773989,7.171247360063717,results/weights/fl_vs_sfl_noniid_poisoning_attack/labels_1_per_client/attack_client_0_scale_minus_5p0
attack_client_0_scale_minus_5p0,True,0,-5.0,1,47,SGD,0.005,,0.098,,0.098,0.0,,3.139294523978606,3.4302277648821473,0.6590672170277685,7.23154405481182,results/weights/fl_vs_sfl_noniid_poisoning_attack/labels_1_per_client/attack_client_0_scale_minus_5p0
attack_client_0_scale_minus_5p0,True,0,-5.0,1,48,SGD,0.005,,0.098,,0.098,0.0,,3.16373704909347,3.347679839003831,0.6661715919617563,7.222600686131045,results/weights/fl_vs_sfl_noniid_poisoning_attack/labels_1_per_client/attack_client_0_scale_minus_5p0
attack_client_0_scale_minus_5p0,True,0,-5.0,1,49,SGD,0.005,,0.098,,0.098,0.0,,3.2128247460350394,3.4663867689669132,0.6823975159786642,7.405888878973201,results/weights/fl_vs_sfl_noniid_poisoning_attack/labels_1_per_client/attack_client_0_scale_minus_5p0
attack_client_0_scale_minus_5p0,True,0,-5.0,1,50,SGD,0.005,,0.098,,0.098,0.0,,3.2855744229163975,3.337399255950004,0.6605144860222936,7.289063547970727,results/weights/fl_vs_sfl_noniid_poisoning_attack/labels_1_per_client/attack_client_0_scale_minus_5p0
baseline_no_attack,False,,0.0,2,1,SGD,0.005,2.3116637683868406,0.0892,2.3116637683868406,0.0892,0.0,0.0,3.248310981085524,3.26682919007726,0.6630009459331632,7.185333753935993,results/weights/fl_vs_sfl_noniid_poisoning_attack/labels_2_per_client/baseline_no_attack
baseline_no_attack,False,,0.0,2,2,SGD,0.005,2.3103263153076172,0.0892,2.3103263153076172,0.0892,0.0,0.0,3.0303238569758832,3.210052701178938,0.6883844169788063,6.931493662996218,results/weights/fl_vs_sfl_noniid_poisoning_attack/labels_2_per_client/baseline_no_attack
baseline_no_attack,False,,0.0,2,3,SGD,0.005,2.309050680541992,0.0892,2.309050680541992,0.0892,0.0,0.0,3.213120785076171,3.2045224979519844,0.6516633608844131,7.07207969087176,results/weights/fl_vs_sfl_noniid_poisoning_attack/labels_2_per_client/baseline_no_attack
baseline_no_attack,False,,0.0,2,4,SGD,0.005,2.3078468334198,0.0892,2.3078468334198,0.0892,0.0,0.0,3.1483122610952705,3.258923094952479,0.662045278120786,7.07189942500554,results/weights/fl_vs_sfl_noniid_poisoning_attack/labels_2_per_client/baseline_no_attack
baseline_no_attack,False,,0.0,2,5,SGD,0.005,2.3066964363098146,0.0903,2.3066964363098146,0.0903,0.0,0.0,3.162161143962294,3.303761877818033,0.6766074309125543,7.14542569918558,results/weights/fl_vs_sfl_noniid_poisoning_attack/labels_2_per_client/baseline_no_attack
baseline_no_attack,False,,0.0,2,6,SGD,0.005,2.3055949253082275,0.1089,2.3055949253082275,0.1089,0.0,0.0,3.1239114180207253,3.3047293350100517,0.6830984149128199,7.114760114112869,results/weights/fl_vs_sfl_noniid_poisoning_attack/labels_2_per_client/baseline_no_attack
baseline_no_attack,False,,0.0,2,7,SGD,0.005,2.304518962097168,0.1067,2.304518962097168,0.1067,0.0,0.0,3.121624927036464,3.30748069495894,0.6572387451305985,7.089307666989043,results/weights/fl_vs_sfl_noniid_poisoning_attack/labels_2_per_client/baseline_no_attack
baseline_no_attack,False,,0.0,2,8,SGD,0.005,2.303459392929077,0.1028,2.303459392929077,0.1028,0.0,0.0,3.1574745958205312,3.444619571091607,0.6929426689166576,7.298024591989815,results/weights/fl_vs_sfl_noniid_poisoning_attack/labels_2_per_client/baseline_no_attack
baseline_no_attack,False,,0.0,2,9,SGD,0.005,2.3023995887756348,0.1028,2.3023995887756348,0.1028,0.0,0.0,3.122547726146877,3.1831244670320302,0.6120561249554157,6.920590971130878,results/weights/fl_vs_sfl_noniid_poisoning_attack/labels_2_per_client/baseline_no_attack
baseline_no_attack,False,,0.0,2,10,SGD,0.005,2.3013151863098145,0.1028,2.3013151863098145,0.1028,0.0,0.0,2.8554846849292517,2.9234801521524787,0.6362528901081532,6.418154475977644,results/weights/fl_vs_sfl_noniid_poisoning_attack/labels_2_per_client/baseline_no_attack
baseline_no_attack,False,,0.0,2,11,SGD,0.005,2.3001812843322753,0.1028,2.3001812843322753,0.1028,0.0,0.0,2.8820944051258266,2.9741150338668376,0.615270942915231,6.474354175152257,results/weights/fl_vs_sfl_noniid_poisoning_attack/labels_2_per_client/baseline_no_attack
baseline_no_attack,False,,0.0,2,12,SGD,0.005,2.298985522842407,0.1028,2.298985522842407,0.1028,0.0,0.0,2.8073087939992547,2.950858771102503,0.6084517231211066,6.369392808992416,results/weights/fl_vs_sfl_noniid_poisoning_attack/labels_2_per_client/baseline_no_attack
baseline_no_attack,False,,0.0,2,13,SGD,0.005,2.297712022399902,0.1028,2.297712022399902,0.1028,0.0,0.0,2.7160795440431684,3.127427516039461,0.6103463170584291,6.456787593895569,results/weights/fl_vs_sfl_noniid_poisoning_attack/labels_2_per_client/baseline_no_attack
baseline_no_attack,False,,0.0,2,14,SGD,0.005,2.296375470352173,0.1028,2.296375470352173,0.1028,0.0,0.0,2.818160803988576,2.8848201248329133,0.6042906260117888,6.309863483067602,results/weights/fl_vs_sfl_noniid_poisoning_attack/labels_2_per_client/baseline_no_attack
baseline_no_attack,False,,0.0,2,15,SGD,0.005,2.2949081302642824,0.1028,2.2949081302642824,0.1028,0.0,0.0,2.7092317058704793,2.853485682979226,0.6031596011016518,6.168662203941494,results/weights/fl_vs_sfl_noniid_poisoning_attack/labels_2_per_client/baseline_no_attack
baseline_no_attack,False,,0.0,2,16,SGD,0.005,2.294165166473389,0.1031,2.294165166473389,0.1031,0.0,0.0,2.957035501021892,3.024096180917695,0.6198592050932348,6.603644606890157,results/weights/fl_vs_sfl_noniid_poisoning_attack/labels_2_per_client/baseline_no_attack
baseline_no_attack,False,,0.0,2,17,SGD,0.005,2.2986859874725343,0.1331,2.2986859874725343,0.1331,0.0,0.0,2.8695322698913515,3.1596774340141565,0.6268456459511071,6.6590085588395596,results/weights/fl_vs_sfl_noniid_poisoning_attack/labels_2_per_client/baseline_no_attack
baseline_no_attack,False,,0.0,2,18,SGD,0.005,2.308301756668091,0.1403,2.308301756668091,0.1403,0.0,0.0,2.7945854710415006,2.8540763950441033,0.6105909119360149,6.262067042989656,results/weights/fl_vs_sfl_noniid_poisoning_attack/labels_2_per_client/baseline_no_attack
baseline_no_attack,False,,0.0,2,19,SGD,0.005,2.3018775634765625,0.1898,2.3018775634765625,0.1898,0.0,0.0,2.9246684738900512,3.202657300978899,0.6175562569405884,6.747817704919726,results/weights/fl_vs_sfl_noniid_poisoning_attack/labels_2_per_client/baseline_no_attack
baseline_no_attack,False,,0.0,2,20,SGD,0.005,2.291840943145752,0.1262,2.291840943145752,0.1262,0.0,0.0,2.9795964150689542,2.862705107079819,0.610561691923067,6.4554934001062065,results/weights/fl_vs_sfl_noniid_poisoning_attack/labels_2_per_client/baseline_no_attack
baseline_no_attack,False,,0.0,2,21,SGD,0.005,2.2875814315795897,0.1135,2.2875814315795897,0.1135,0.0,0.0,2.811240930110216,3.0207084470894188,0.647082359995693,6.481665066909045,results/weights/fl_vs_sfl_noniid_poisoning_attack/labels_2_per_client/baseline_no_attack
baseline_no_attack,False,,0.0,2,22,SGD,0.005,2.2829212982177736,0.1135,2.2829212982177736,0.1135,0.0,0.0,2.7673872418235987,2.851936547085643,0.6085108029656112,6.230389064876363,results/weights/fl_vs_sfl_noniid_poisoning_attack/labels_2_per_client/baseline_no_attack
baseline_no_attack,False,,0.0,2,23,SGD,0.005,2.279751007080078,0.1137,2.279751007080078,0.1137,0.0,0.0,2.81578231905587,3.0228513868059963,0.643044666852802,6.484694623854011,results/weights/fl_vs_sfl_noniid_poisoning_attack/labels_2_per_client/baseline_no_attack
baseline_no_attack,False,,0.0,2,24,SGD,0.005,2.270424984741211,0.1552,2.270424984741211,0.1552,0.0,0.0,2.9255577388685197,2.9002107200212777,0.6369120450690389,6.465283336117864,results/weights/fl_vs_sfl_noniid_poisoning_attack/labels_2_per_client/baseline_no_attack
baseline_no_attack,False,,0.0,2,25,SGD,0.005,2.2666932720184327,0.1587,2.2666932720184327,0.1587,0.0,0.0,2.9636872259434313,2.969130412908271,0.6048167000990361,6.54039419000037,results/weights/fl_vs_sfl_noniid_poisoning_attack/labels_2_per_client/baseline_no_attack
baseline_no_attack,False,,0.0,2,26,SGD,0.005,2.2638469757080077,0.1755,2.2638469757080077,0.1755,0.0,0.0,2.9219052270054817,3.1088512861169875,0.6238379061687738,6.657313860952854,results/weights/fl_vs_sfl_noniid_poisoning_attack/labels_2_per_client/baseline_no_attack
baseline_no_attack,False,,0.0,2,27,SGD,0.005,2.2592033374786378,0.1826,2.2592033374786378,0.1826,0.0,0.0,2.8475806249771267,3.2676856429316103,0.6501533719711006,6.769233891041949,results/weights/fl_vs_sfl_noniid_poisoning_attack/labels_2_per_client/baseline_no_attack
baseline_no_attack,False,,0.0,2,28,SGD,0.005,2.247553343200684,0.181,2.247553343200684,0.181,0.0,0.0,2.870429089991376,2.9056709301657975,0.6153277182020247,6.394015006022528,results/weights/fl_vs_sfl_noniid_poisoning_attack/labels_2_per_client/baseline_no_attack
baseline_no_attack,False,,0.0,2,29,SGD,0.005,2.237097780609131,0.1923,2.237097780609131,0.1923,0.0,0.0,2.722584265982732,3.002159503987059,0.6133947209455073,6.341184902004898,results/weights/fl_vs_sfl_noniid_poisoning_attack/labels_2_per_client/baseline_no_attack
baseline_no_attack,False,,0.0,2,30,SGD,0.005,2.226663956451416,0.1651,2.226663956451416,0.1651,0.0,0.0,2.6881229321006685,3.176660740049556,0.5986779439263046,6.466088957153261,results/weights/fl_vs_sfl_noniid_poisoning_attack/labels_2_per_client/baseline_no_attack
baseline_no_attack,False,,0.0,2,31,SGD,0.005,2.2070291496276857,0.2325,2.2070291496276857,0.2325,0.0,0.0,2.9354424038901925,2.9590849368833005,0.606358930002898,6.503818704979494,results/weights/fl_vs_sfl_noniid_poisoning_attack/labels_2_per_client/baseline_no_attack
baseline_no_attack,False,,0.0,2,32,SGD,0.005,2.1908432540893554,0.3113,2.1908432540893554,0.3113,0.0,0.0,2.8637979871127754,2.9433235449250787,0.6038638241589069,6.413769636070356,results/weights/fl_vs_sfl_noniid_poisoning_attack/labels_2_per_client/baseline_no_attack
baseline_no_attack,False,,0.0,2,33,SGD,0.005,2.173864517211914,0.2508,2.173864517211914,0.2508,0.0,0.0,2.8839379721321166,2.9289186550304294,0.6051012969110161,6.420679984148592,results/weights/fl_vs_sfl_noniid_poisoning_attack/labels_2_per_client/baseline_no_attack
baseline_no_attack,False,,0.0,2,34,SGD,0.005,2.139447491836548,0.3718,2.139447491836548,0.3718,0.0,0.0,2.6535827091429383,2.831761999987066,0.608833814971149,6.096842139959335,results/weights/fl_vs_sfl_noniid_poisoning_attack/labels_2_per_client/baseline_no_attack
baseline_no_attack,False,,0.0,2,35,SGD,0.005,2.1029895999908446,0.3478,2.1029895999908446,0.3478,0.0,0.0,2.7739747480954975,2.9095904668793082,0.6242945929989219,6.310888204025105,results/weights/fl_vs_sfl_noniid_poisoning_attack/labels_2_per_client/baseline_no_attack
baseline_no_attack,False,,0.0,2,36,SGD,0.005,2.0518066921234133,0.3068,2.0518066921234133,0.3068,0.0,0.0,2.754576416919008,2.874126994051039,0.6305358479730785,6.262281198985875,results/weights/fl_vs_sfl_noniid_poisoning_attack/labels_2_per_client/baseline_no_attack
baseline_no_attack,False,,0.0,2,37,SGD,0.005,2.0030425636291502,0.4015,2.0030425636291502,0.4015,0.0,0.0,2.8986167130060494,2.9640190310310572,0.6060763739515096,6.471292207017541,results/weights/fl_vs_sfl_noniid_poisoning_attack/labels_2_per_client/baseline_no_attack
baseline_no_attack,False,,0.0,2,38,SGD,0.005,1.9545807830810547,0.3975,1.9545807830810547,0.3975,0.0,0.0,2.957751746987924,3.0285091327968985,0.6150003410875797,6.604240542044863,results/weights/fl_vs_sfl_noniid_poisoning_attack/labels_2_per_client/baseline_no_attack
baseline_no_attack,False,,0.0,2,39,SGD,0.005,1.908263271331787,0.4058,1.908263271331787,0.4058,0.0,0.0,2.879337375983596,3.112658441066742,0.599452436901629,6.594178654020652,results/weights/fl_vs_sfl_noniid_poisoning_attack/labels_2_per_client/baseline_no_attack
baseline_no_attack,False,,0.0,2,40,SGD,0.005,1.8749220445632935,0.4017,1.8749220445632935,0.4017,0.0,0.0,2.8464900660328567,2.9373157978989184,0.6186892979312688,6.405294802971184,results/weights/fl_vs_sfl_noniid_poisoning_attack/labels_2_per_client/baseline_no_attack
baseline_no_attack,False,,0.0,2,41,SGD,0.005,1.848818671798706,0.4088,1.848818671798706,0.4088,0.0,0.0,2.9554266890045255,3.1569473340641707,0.6053868590388447,6.720618354156613,results/weights/fl_vs_sfl_noniid_poisoning_attack/labels_2_per_client/baseline_no_attack
baseline_no_attack,False,,0.0,2,42,SGD,0.005,1.832127730178833,0.4043,1.832127730178833,0.4043,0.0,0.0,2.763486689189449,2.900103115942329,0.6113236988894641,6.277630806900561,results/weights/fl_vs_sfl_noniid_poisoning_attack/labels_2_per_client/baseline_no_attack
baseline_no_attack,False,,0.0,2,43,SGD,0.005,1.8149841997146607,0.4126,1.8149841997146607,0.4126,0.0,0.0,2.838964198017493,3.1229238510131836,0.6245772258844227,6.590564406942576,results/weights/fl_vs_sfl_noniid_poisoning_attack/labels_2_per_client/baseline_no_attack
baseline_no_attack,False,,0.0,2,44,SGD,0.005,1.8018314231872559,0.4302,1.8018314231872559,0.4302,0.0,0.0,2.9849431889597327,3.0673685220535845,0.6224490730091929,6.6773360029328614,results/weights/fl_vs_sfl_noniid_poisoning_attack/labels_2_per_client/baseline_no_attack
baseline_no_attack,False,,0.0,2,45,SGD,0.005,1.7949984409332276,0.4234,1.7949984409332276,0.4234,0.0,0.0,2.7379100050311536,2.993890628218651,0.6099211219698191,6.344306824961677,results/weights/fl_vs_sfl_noniid_poisoning_attack/labels_2_per_client/baseline_no_attack
baseline_no_attack,False,,0.0,2,46,SGD,0.005,1.7916591665267945,0.4001,1.7916591665267945,0.4001,0.0,0.0,2.7469154400750995,2.7823242801241577,0.6079334740061313,6.139717774000019,results/weights/fl_vs_sfl_noniid_poisoning_attack/labels_2_per_client/baseline_no_attack
baseline_no_attack,False,,0.0,2,47,SGD,0.005,1.7808074941635132,0.3999,1.7808074941635132,0.3999,0.0,0.0,2.7849794200155884,3.02425622404553,0.616931039839983,6.429279726929963,results/weights/fl_vs_sfl_noniid_poisoning_attack/labels_2_per_client/baseline_no_attack
baseline_no_attack,False,,0.0,2,48,SGD,0.005,1.7727403734207154,0.3934,1.7727403734207154,0.3934,0.0,0.0,2.759651441127062,3.104843728011474,0.6037087959703058,6.471079927869141,results/weights/fl_vs_sfl_noniid_poisoning_attack/labels_2_per_client/baseline_no_attack
baseline_no_attack,False,,0.0,2,49,SGD,0.005,1.759617456626892,0.4067,1.759617456626892,0.4067,0.0,0.0,2.9169110178481787,3.043758259154856,0.5992721931543201,6.562794491881505,results/weights/fl_vs_sfl_noniid_poisoning_attack/labels_2_per_client/baseline_no_attack
baseline_no_attack,False,,0.0,2,50,SGD,0.005,1.7448504125595092,0.4249,1.7448504125595092,0.4249,0.0,0.0,2.7239357088692486,2.9277169841807336,0.6134797011036426,6.267760806949809,results/weights/fl_vs_sfl_noniid_poisoning_attack/labels_2_per_client/baseline_no_attack
attack_client_0_scale_minus_5p0,True,0,-5.0,2,1,SGD,0.005,2.3218352577209473,0.0892,2.3218352577209473,0.0892,0.0,0.0,2.857415971113369,2.9587972247973084,0.6468529759440571,6.466253496939316,results/weights/fl_vs_sfl_noniid_poisoning_attack/labels_2_per_client/attack_client_0_scale_minus_5p0
attack_client_0_scale_minus_5p0,True,0,-5.0,2,2,SGD,0.005,2.3356083698272707,0.0892,2.3356083698272707,0.0892,0.0,0.0,2.8568366249091923,2.972587323980406,0.6236391600687057,6.455820020986721,results/weights/fl_vs_sfl_noniid_poisoning_attack/labels_2_per_client/attack_client_0_scale_minus_5p0
attack_client_0_scale_minus_5p0,True,0,-5.0,2,3,SGD,0.005,2.355005645751953,0.0892,2.355005645751953,0.0892,0.0,0.0,2.7633395451121032,3.089095522882417,0.6096693379804492,6.465314754052088,results/weights/fl_vs_sfl_noniid_poisoning_attack/labels_2_per_client/attack_client_0_scale_minus_5p0
attack_client_0_scale_minus_5p0,True,0,-5.0,2,4,SGD,0.005,2.381752021026611,0.0892,2.381752021026611,0.0892,0.0,0.0,2.948461821069941,2.9613574179820716,0.6042753600049764,6.516713046934456,results/weights/fl_vs_sfl_noniid_poisoning_attack/labels_2_per_client/attack_client_0_scale_minus_5p0
attack_client_0_scale_minus_5p0,True,0,-5.0,2,5,SGD,0.005,2.419183246231079,0.0892,2.419183246231079,0.0892,0.0,0.0,2.921098001068458,3.125518515938893,0.6324489549733698,6.682136901887134,results/weights/fl_vs_sfl_noniid_poisoning_attack/labels_2_per_client/attack_client_0_scale_minus_5p0
attack_client_0_scale_minus_5p0,True,0,-5.0,2,6,SGD,0.005,2.475063558578491,0.0892,2.475063558578491,0.0892,0.0,0.0,2.8281752918846905,3.0222244360484183,0.621024708962068,6.475092249922454,results/weights/fl_vs_sfl_noniid_poisoning_attack/labels_2_per_client/attack_client_0_scale_minus_5p0
attack_client_0_scale_minus_5p0,True,0,-5.0,2,7,SGD,0.005,2.569543468093872,0.0892,2.569543468093872,0.0892,0.0,0.0,2.820373554015532,3.0982082951813936,0.6624608899001032,6.587475352920592,results/weights/fl_vs_sfl_noniid_poisoning_attack/labels_2_per_client/attack_client_0_scale_minus_5p0
attack_client_0_scale_minus_5p0,True,0,-5.0,2,8,SGD,0.005,2.7714808227539063,0.0892,2.7714808227539063,0.0892,0.0,0.0,2.88825241709128,2.964541268069297,0.6097475909627974,6.465633590007201,results/weights/fl_vs_sfl_noniid_poisoning_attack/labels_2_per_client/attack_client_0_scale_minus_5p0
attack_client_0_scale_minus_5p0,True,0,-5.0,2,9,SGD,0.005,3.375759687805176,0.0892,3.375759687805176,0.0892,0.0,0.0,3.0158988418988883,3.138736217049882,0.624497557990253,6.781942067202181,results/weights/fl_vs_sfl_noniid_poisoning_attack/labels_2_per_client/attack_client_0_scale_minus_5p0
attack_client_0_scale_minus_5p0,True,0,-5.0,2,10,SGD,0.005,5.315172386169434,0.0892,5.315172386169434,0.0892,0.0,0.0,2.7300357141066343,2.936336202081293,0.6094774480443448,6.2790358539205045,results/weights/fl_vs_sfl_noniid_poisoning_attack/labels_2_per_client/attack_client_0_scale_minus_5p0
attack_client_0_scale_minus_5p0,True,0,-5.0,2,11,SGD,0.005,11.463827955627442,0.1032,11.463827955627442,0.1032,0.0,0.0,2.9092720558401197,2.9123497039545327,0.6172336551826447,6.441451268969104,results/weights/fl_vs_sfl_noniid_poisoning_attack/labels_2_per_client/attack_client_0_scale_minus_5p0
attack_client_0_scale_minus_5p0,True,0,-5.0,2,12,SGD,0.005,30.994556982421877,0.1032,30.994556982421877,0.1032,0.0,0.0,2.8164776950143278,3.084689448820427,0.6174129929859191,6.525500729912892,results/weights/fl_vs_sfl_noniid_poisoning_attack/labels_2_per_client/attack_client_0_scale_minus_5p0
attack_client_0_scale_minus_5p0,True,0,-5.0,2,13,SGD,0.005,71.51897728271484,0.1009,71.51897728271484,0.1009,0.0,0.0,2.8368653759825975,3.0063074310310185,0.6024345499463379,6.448885184014216,results/weights/fl_vs_sfl_noniid_poisoning_attack/labels_2_per_client/attack_client_0_scale_minus_5p0
attack_client_0_scale_minus_5p0,True,0,-5.0,2,14,SGD,0.005,138.34810974121095,0.1028,138.34810974121095,0.1028,0.0,0.0,2.948058612877503,3.1988678709603846,0.6076577249914408,6.757601093035191,results/weights/fl_vs_sfl_noniid_poisoning_attack/labels_2_per_client/attack_client_0_scale_minus_5p0
attack_client_0_scale_minus_5p0,True,0,-5.0,2,15,SGD,0.005,234.79177260742188,0.101,234.79177260742188,0.101,0.0,0.0,2.7841148499865085,2.929503170074895,0.5914520991500467,6.30779781495221,results/weights/fl_vs_sfl_noniid_poisoning_attack/labels_2_per_client/attack_client_0_scale_minus_5p0
attack_client_0_scale_minus_5p0,True,0,-5.0,2,16,SGD,0.005,512.3684157226562,0.0958,512.3684157226562,0.0958,0.0,0.0,2.8125433900859207,3.0388527498580515,0.6007267809472978,6.455076662823558,results/weights/fl_vs_sfl_noniid_poisoning_attack/labels_2_per_client/attack_client_0_scale_minus_5p0
attack_client_0_scale_minus_5p0,True,0,-5.0,2,17,SGD,0.005,2391.4510484375,0.0974,2391.4510484375,0.0974,0.0,0.0,2.853916767053306,3.0992017129901797,0.6072512508835644,6.563416589982808,results/weights/fl_vs_sfl_noniid_poisoning_attack/labels_2_per_client/attack_client_0_scale_minus_5p0
attack_client_0_scale_minus_5p0,True,0,-5.0,2,18,SGD,0.005,41225.5913125,0.101,41225.5913125,0.101,0.0,0.0,2.7980215928982943,2.92753853299655,0.6001988300122321,6.3290075899567455,results/weights/fl_vs_sfl_noniid_poisoning_attack/labels_2_per_client/attack_client_0_scale_minus_5p0
attack_client_0_scale_minus_5p0,True,0,-5.0,2,19,SGD,0.005,4449476.7216,0.0946,4449476.7216,0.0946,0.0,0.0,2.70733049698174,2.8282495620660484,0.6055147650185972,6.143684979062527,results/weights/fl_vs_sfl_noniid_poisoning_attack/labels_2_per_client/attack_client_0_scale_minus_5p0
attack_client_0_scale_minus_5p0,True,0,-5.0,2,20,SGD,0.005,,0.098,,0.098,0.0,,2.7896408159285784,2.857716164086014,0.6006529210135341,6.250644410029054,results/weights/fl_vs_sfl_noniid_poisoning_attack/labels_2_per_client/attack_client_0_scale_minus_5p0
attack_client_0_scale_minus_5p0,True,0,-5.0,2,21,SGD,0.005,,0.098,,0.098,0.0,,2.7468572719953954,2.851978149963543,0.6102503000292927,6.211915940977633,results/weights/fl_vs_sfl_noniid_poisoning_attack/labels_2_per_client/attack_client_0_scale_minus_5p0
attack_client_0_scale_minus_5p0,True,0,-5.0,2,22,SGD,0.005,,0.098,,0.098,0.0,,2.972789280116558,3.183268388034776,0.6459330960642546,6.808043474797159,results/weights/fl_vs_sfl_noniid_poisoning_attack/labels_2_per_client/attack_client_0_scale_minus_5p0
attack_client_0_scale_minus_5p0,True,0,-5.0,2,23,SGD,0.005,,0.098,,0.098,0.0,,2.641757545992732,2.9921163730323315,0.6241270210593939,6.261537336045876,results/weights/fl_vs_sfl_noniid_poisoning_attack/labels_2_per_client/attack_client_0_scale_minus_5p0
attack_client_0_scale_minus_5p0,True,0,-5.0,2,24,SGD,0.005,,0.098,,0.098,0.0,,2.8905329138506204,3.056806467939168,0.6194215510040522,6.5704824139829725,results/weights/fl_vs_sfl_noniid_poisoning_attack/labels_2_per_client/attack_client_0_scale_minus_5p0
attack_client_0_scale_minus_5p0,True,0,-5.0,2,25,SGD,0.005,,0.098,,0.098,0.0,,2.825156998122111,3.0293859799858183,0.6124008980114013,6.469669824000448,results/weights/fl_vs_sfl_noniid_poisoning_attack/labels_2_per_client/attack_client_0_scale_minus_5p0
attack_client_0_scale_minus_5p0,True,0,-5.0,2,26,SGD,0.005,,0.098,,0.098,0.0,,2.8849867891985923,3.226854549953714,0.6161008300259709,6.730960604036227,results/weights/fl_vs_sfl_noniid_poisoning_attack/labels_2_per_client/attack_client_0_scale_minus_5p0
attack_client_0_scale_minus_5p0,True,0,-5.0,2,27,SGD,0.005,,0.098,,0.098,0.0,,2.691427194979042,2.8585841739550233,0.6137043260969222,6.166456344071776,results/weights/fl_vs_sfl_noniid_poisoning_attack/labels_2_per_client/attack_client_0_scale_minus_5p0
attack_client_0_scale_minus_5p0,True,0,-5.0,2,28,SGD,0.005,,0.098,,0.098,0.0,,2.730594617780298,3.0391982079017907,0.6556838350370526,6.432522259885445,results/weights/fl_vs_sfl_noniid_poisoning_attack/labels_2_per_client/attack_client_0_scale_minus_5p0
attack_client_0_scale_minus_5p0,True,0,-5.0,2,29,SGD,0.005,,0.098,,0.098,0.0,,3.0116423731669784,3.095638735918328,0.610988613916561,6.721202924149111,results/weights/fl_vs_sfl_noniid_poisoning_attack/labels_2_per_client/attack_client_0_scale_minus_5p0
attack_client_0_scale_minus_5p0,True,0,-5.0,2,30,SGD,0.005,,0.098,,0.098,0.0,,3.0425251580309123,3.0952288249973208,0.6164637370966375,6.757136735133827,results/weights/fl_vs_sfl_noniid_poisoning_attack/labels_2_per_client/attack_client_0_scale_minus_5p0
attack_client_0_scale_minus_5p0,True,0,-5.0,2,31,SGD,0.005,,0.098,,0.098,0.0,,2.791165300179273,2.933253434021026,0.616963448934257,6.345104526961222,results/weights/fl_vs_sfl_noniid_poisoning_attack/labels_2_per_client/attack_client_0_scale_minus_5p0
attack_client_0_scale_minus_5p0,True,0,-5.0,2,32,SGD,0.005,,0.098,,0.098,0.0,,2.723303681006655,3.071235863957554,0.6133964471518993,6.410972295794636,results/weights/fl_vs_sfl_noniid_poisoning_attack/labels_2_per_client/attack_client_0_scale_minus_5p0
attack_client_0_scale_minus_5p0,True,0,-5.0,2,33,SGD,0.005,,0.098,,0.098,0.0,,2.826691481983289,3.0194935349281877,0.6134123899973929,6.466182934818789,results/weights/fl_vs_sfl_noniid_poisoning_attack/labels_2_per_client/attack_client_0_scale_minus_5p0
attack_client_0_scale_minus_5p0,True,0,-5.0,2,34,SGD,0.005,,0.098,,0.098,0.0,,2.9076411961577833,2.952032786794007,0.6174657649826258,6.4798485490027815,results/weights/fl_vs_sfl_noniid_poisoning_attack/labels_2_per_client/attack_client_0_scale_minus_5p0
attack_client_0_scale_minus_5p0,True,0,-5.0,2,35,SGD,0.005,,0.098,,0.098,0.0,,2.8265685979276896,3.1154017329681665,0.6102085518650711,6.5553891700692475,results/weights/fl_vs_sfl_noniid_poisoning_attack/labels_2_per_client/attack_client_0_scale_minus_5p0
attack_client_0_scale_minus_5p0,True,0,-5.0,2,36,SGD,0.005,,0.098,,0.098,0.0,,2.70182748301886,2.8701066749636084,0.6161226611584425,6.191367456922308,results/weights/fl_vs_sfl_noniid_poisoning_attack/labels_2_per_client/attack_client_0_scale_minus_5p0
attack_client_0_scale_minus_5p0,True,0,-5.0,2,37,SGD,0.005,,0.098,,0.098,0.0,,2.919019894907251,3.0857738519553095,0.6252289358526468,6.632612918969244,results/weights/fl_vs_sfl_noniid_poisoning_attack/labels_2_per_client/attack_client_0_scale_minus_5p0
attack_client_0_scale_minus_5p0,True,0,-5.0,2,38,SGD,0.005,,0.098,,0.098,0.0,,3.001984152942896,2.9865334942005575,0.6218349861446768,6.612952486844733,results/weights/fl_vs_sfl_noniid_poisoning_attack/labels_2_per_client/attack_client_0_scale_minus_5p0
attack_client_0_scale_minus_5p0,True,0,-5.0,2,39,SGD,0.005,,0.098,,0.098,0.0,,2.9038883559405804,3.1544524230994284,0.6137792018707842,6.675073543097824,results/weights/fl_vs_sfl_noniid_poisoning_attack/labels_2_per_client/attack_client_0_scale_minus_5p0
attack_client_0_scale_minus_5p0,True,0,-5.0,2,40,SGD,0.005,,0.098,,0.098,0.0,,2.819005564786494,3.0163304649759084,0.6392429280094802,6.477340820943937,results/weights/fl_vs_sfl_noniid_poisoning_attack/labels_2_per_client/attack_client_0_scale_minus_5p0
attack_client_0_scale_minus_5p0,True,0,-5.0,2,41,SGD,0.005,,0.098,,0.098,0.0,,2.784172176150605,3.0701640569604933,0.6209270590916276,6.478533535031602,results/weights/fl_vs_sfl_noniid_poisoning_attack/labels_2_per_client/attack_client_0_scale_minus_5p0
attack_client_0_scale_minus_5p0,True,0,-5.0,2,42,SGD,0.005,,0.098,,0.098,0.0,,2.9534360449761152,3.141201131977141,0.6139283219818026,6.711350527824834,results/weights/fl_vs_sfl_noniid_poisoning_attack/labels_2_per_client/attack_client_0_scale_minus_5p0
attack_client_0_scale_minus_5p0,True,0,-5.0,2,43,SGD,0.005,,0.098,,0.098,0.0,,2.848008441971615,2.8913901639170945,0.6311581649351865,6.373093006201088,results/weights/fl_vs_sfl_noniid_poisoning_attack/labels_2_per_client/attack_client_0_scale_minus_5p0
attack_client_0_scale_minus_5p0,True,0,-5.0,2,44,SGD,0.005,,0.098,,0.098,0.0,,2.982517251977697,3.076941712992266,0.627845416078344,6.690161927836016,results/weights/fl_vs_sfl_noniid_poisoning_attack/labels_2_per_client/attack_client_0_scale_minus_5p0
attack_client_0_scale_minus_5p0,True,0,-5.0,2,45,SGD,0.005,,0.098,,0.098,0.0,,2.956740109017119,3.0657284669578075,0.6251147540751845,6.651662827003747,results/weights/fl_vs_sfl_noniid_poisoning_attack/labels_2_per_client/attack_client_0_scale_minus_5p0
attack_client_0_scale_minus_5p0,True,0,-5.0,2,46,SGD,0.005,,0.098,,0.098,0.0,,2.937361712101847,3.100291867973283,0.620798191986978,6.6612962749786675,results/weights/fl_vs_sfl_noniid_poisoning_attack/labels_2_per_client/attack_client_0_scale_minus_5p0
attack_client_0_scale_minus_5p0,True,0,-5.0,2,47,SGD,0.005,,0.098,,0.098,0.0,,2.909923085011542,2.877451289910823,0.5744755370542407,6.364526324905455,results/weights/fl_vs_sfl_noniid_poisoning_attack/labels_2_per_client/attack_client_0_scale_minus_5p0
attack_client_0_scale_minus_5p0,True,0,-5.0,2,48,SGD,0.005,,0.098,,0.098,0.0,,2.685708699049428,2.716044956119731,0.5792376340832561,5.984396470943466,results/weights/fl_vs_sfl_noniid_poisoning_attack/labels_2_per_client/attack_client_0_scale_minus_5p0
attack_client_0_scale_minus_5p0,True,0,-5.0,2,49,SGD,0.005,,0.098,,0.098,0.0,,2.5276568720582873,2.6956825519446284,0.5757752580102533,5.802330491133034,results/weights/fl_vs_sfl_noniid_poisoning_attack/labels_2_per_client/attack_client_0_scale_minus_5p0
attack_client_0_scale_minus_5p0,True,0,-5.0,2,50,SGD,0.005,,0.098,,0.098,0.0,,2.5449964818544686,2.6935661181341857,0.5741912899538875,5.8160395950544626,results/weights/fl_vs_sfl_noniid_poisoning_attack/labels_2_per_client/attack_client_0_scale_minus_5p0
baseline_no_attack,False,,0.0,4,1,SGD,0.005,2.3115257495880126,0.0892,2.3115257495880126,0.0892,0.0,0.0,2.542469617910683,2.7018539698328823,0.5735132161062211,5.820367360953242,results/weights/fl_vs_sfl_noniid_poisoning_attack/labels_4_per_client/baseline_no_attack
baseline_no_attack,False,,0.0,4,2,SGD,0.005,2.3100655872344973,0.0892,2.3100655872344973,0.0892,0.0,0.0,2.51483606104739,2.7500438019633293,0.5771403119433671,5.844648388912901,results/weights/fl_vs_sfl_noniid_poisoning_attack/labels_4_per_client/baseline_no_attack
baseline_no_attack,False,,0.0,4,3,SGD,0.005,2.308753634643555,0.0892,2.308753634643555,0.0892,0.0,0.0,2.557624879060313,2.6927409139461815,0.5725382529199123,5.8254744950681925,results/weights/fl_vs_sfl_noniid_poisoning_attack/labels_4_per_client/baseline_no_attack
baseline_no_attack,False,,0.0,4,4,SGD,0.005,2.3075444004058836,0.0898,2.3075444004058836,0.0898,0.0,0.0,2.5994937971699983,2.7121678839903325,0.575893617933616,5.8905282348860055,results/weights/fl_vs_sfl_noniid_poisoning_attack/labels_4_per_client/baseline_no_attack
baseline_no_attack,False,,0.0,4,5,SGD,0.005,2.306431971359253,0.0946,2.306431971359253,0.0946,0.0,0.0,2.523268738994375,2.744627091102302,0.5745995440520346,5.845771227031946,results/weights/fl_vs_sfl_noniid_poisoning_attack/labels_4_per_client/baseline_no_attack
baseline_no_attack,False,,0.0,4,6,SGD,0.005,2.305411840057373,0.1206,2.305411840057373,0.1206,0.0,0.0,2.523970724083483,2.749223323073238,0.5711791850626469,5.847221343079582,results/weights/fl_vs_sfl_noniid_poisoning_attack/labels_4_per_client/baseline_no_attack
baseline_no_attack,False,,0.0,4,7,SGD,0.005,2.304447204208374,0.1198,2.304447204208374,0.1198,0.0,0.0,2.500564181013033,2.7128837020136416,0.5727330609224737,5.788778404938057,results/weights/fl_vs_sfl_noniid_poisoning_attack/labels_4_per_client/baseline_no_attack
baseline_no_attack,False,,0.0,4,8,SGD,0.005,2.3035316951751708,0.1107,2.3035316951751708,0.1107,0.0,0.0,2.5735604451037943,2.698478773003444,0.5745990991126746,5.849174714880064,results/weights/fl_vs_sfl_noniid_poisoning_attack/labels_4_per_client/baseline_no_attack
baseline_no_attack,False,,0.0,4,9,SGD,0.005,2.3026452198028564,0.1075,2.3026452198028564,0.1075,0.0,0.0,2.4947786449920386,2.685987232020125,0.5742138619534671,5.757691913051531,results/weights/fl_vs_sfl_noniid_poisoning_attack/labels_4_per_client/baseline_no_attack
baseline_no_attack,False,,0.0,4,10,SGD,0.005,2.3017797115325926,0.1061,2.3017797115325926,0.1061,0.0,0.0,2.5115318931639194,2.777933889068663,0.5734021449461579,5.865416001994163,results/weights/fl_vs_sfl_noniid_poisoning_attack/labels_4_per_client/baseline_no_attack
baseline_no_attack,False,,0.0,4,11,SGD,0.005,2.300922233963013,0.1047,2.300922233963013,0.1047,0.0,0.0,2.713717435952276,2.81994547508657,0.5791351951193064,6.115505096036941,results/weights/fl_vs_sfl_noniid_poisoning_attack/labels_4_per_client/baseline_no_attack
baseline_no_attack,False,,0.0,4,12,SGD,0.005,2.3000699672698977,0.1045,2.3000699672698977,0.1045,0.0,0.0,2.522057513007894,2.6806723789777607,0.5730015400331467,5.778414054075256,results/weights/fl_vs_sfl_noniid_poisoning_attack/labels_4_per_client/baseline_no_attack
baseline_no_attack,False,,0.0,4,13,SGD,0.005,2.2991994998931884,0.1043,2.2991994998931884,0.1043,0.0,0.0,2.640636651078239,2.682715439936146,0.5723321940749884,5.898260073037818,results/weights/fl_vs_sfl_noniid_poisoning_attack/labels_4_per_client/baseline_no_attack
baseline_no_attack,False,,0.0,4,14,SGD,0.005,2.2983083812713625,0.1049,2.2983083812713625,0.1049,0.0,0.0,2.6584040650632232,2.7268714630044997,0.5795523901470006,5.971409753896296,results/weights/fl_vs_sfl_noniid_poisoning_attack/labels_4_per_client/baseline_no_attack
baseline_no_attack,False,,0.0,4,15,SGD,0.005,2.2973859939575196,0.1047,2.2973859939575196,0.1047,0.0,0.0,2.7023993900511414,2.9065961400046945,0.5735992870759219,6.185139315901324,results/weights/fl_vs_sfl_noniid_poisoning_attack/labels_4_per_client/baseline_no_attack
baseline_no_attack,False,,0.0,4,16,SGD,0.005,2.2964133228302,0.1047,2.2964133228302,0.1047,0.0,0.0,2.4937176869716495,2.687435067957267,0.5751594270113856,5.759227477014065,results/weights/fl_vs_sfl_noniid_poisoning_attack/labels_4_per_client/baseline_no_attack
baseline_no_attack,False,,0.0,4,17,SGD,0.005,2.2953806507110595,0.105,2.2953806507110595,0.105,0.0,0.0,2.552846368169412,2.697957771131769,0.5775700779631734,5.831082156160846,results/weights/fl_vs_sfl_noniid_poisoning_attack/labels_4_per_client/baseline_no_attack
baseline_no_attack,False,,0.0,4,18,SGD,0.005,2.2942706745147703,0.1053,2.2942706745147703,0.1053,0.0,0.0,2.5093559741508216,2.7747999778948724,0.5809111602138728,5.867696837987751,results/weights/fl_vs_sfl_noniid_poisoning_attack/labels_4_per_client/baseline_no_attack
baseline_no_attack,False,,0.0,4,19,SGD,0.005,2.2930614097595217,0.106,2.2930614097595217,0.106,0.0,0.0,2.5037646458949894,2.7227875939570367,0.5723551521077752,5.801699401810765,results/weights/fl_vs_sfl_noniid_poisoning_attack/labels_4_per_client/baseline_no_attack
baseline_no_attack,False,,0.0,4,20,SGD,0.005,2.2917040336608885,0.1068,2.2917040336608885,0.1068,0.0,0.0,2.5964075138326734,2.8467821010854095,0.5939005308318883,6.040187414968386,results/weights/fl_vs_sfl_noniid_poisoning_attack/labels_4_per_client/baseline_no_attack
baseline_no_attack,False,,0.0,4,21,SGD,0.005,2.2901422176361086,0.1087,2.2901422176361086,0.1087,0.0,0.0,2.5163848199881613,2.7788776748348027,0.5754963008221239,5.873710318934172,results/weights/fl_vs_sfl_noniid_poisoning_attack/labels_4_per_client/baseline_no_attack
baseline_no_attack,False,,0.0,4,22,SGD,0.005,2.2882208209991455,0.1255,2.2882208209991455,0.1255,0.0,0.0,2.578719599172473,2.849944884888828,0.5777387958951294,6.009383391821757,results/weights/fl_vs_sfl_noniid_poisoning_attack/labels_4_per_client/baseline_no_attack
baseline_no_attack,False,,0.0,4,23,SGD,0.005,2.2859309497833253,0.1776,2.2859309497833253,0.1776,0.0,0.0,2.5635038239415735,2.7233769029844552,0.5838675920385867,5.873395696980879,results/weights/fl_vs_sfl_noniid_poisoning_attack/labels_4_per_client/baseline_no_attack
baseline_no_attack,False,,0.0,4,24,SGD,0.005,2.283358625030518,0.2023,2.283358625030518,0.2023,0.0,0.0,2.6323443150613457,2.819855837151408,0.580454810988158,6.035338573157787,results/weights/fl_vs_sfl_noniid_poisoning_attack/labels_4_per_client/baseline_no_attack
baseline_no_attack,False,,0.0,4,25,SGD,0.005,2.2802416179656984,0.2135,2.2802416179656984,0.2135,0.0,0.0,2.500878943828866,2.7151370900683105,0.5760924769565463,5.794828376965597,results/weights/fl_vs_sfl_noniid_poisoning_attack/labels_4_per_client/baseline_no_attack
baseline_no_attack,False,,0.0,4,26,SGD,0.005,2.276356772994995,0.2181,2.276356772994995,0.2181,0.0,0.0,2.5037142138462514,2.717432170873508,0.57311457907781,5.796810131985694,results/weights/fl_vs_sfl_noniid_poisoning_attack/labels_4_per_client/baseline_no_attack
baseline_no_attack,False,,0.0,4,27,SGD,0.005,2.271316279220581,0.2252,2.271316279220581,0.2252,0.0,0.0,2.5411262111738324,2.6899832081981003,0.5773462320212275,5.811041177017614,results/weights/fl_vs_sfl_noniid_poisoning_attack/labels_4_per_client/baseline_no_attack
baseline_no_attack,False,,0.0,4,28,SGD,0.005,2.2648502872467042,0.23,2.2648502872467042,0.23,0.0,0.0,2.5120488069951534,2.7338733209762722,0.5738288469146937,5.822380878031254,results/weights/fl_vs_sfl_noniid_poisoning_attack/labels_4_per_client/baseline_no_attack
baseline_no_attack,False,,0.0,4,29,SGD,0.005,2.2567542488098145,0.2222,2.2567542488098145,0.2222,0.0,0.0,2.5177931478247046,2.8516932220663875,0.5727030721027404,5.944774394854903,results/weights/fl_vs_sfl_noniid_poisoning_attack/labels_4_per_client/baseline_no_attack
baseline_no_attack,False,,0.0,4,30,SGD,0.005,2.2462500694274903,0.1808,2.2462500694274903,0.1808,0.0,0.0,2.4923194921575487,2.708458104170859,0.5733690140768886,5.776815096149221,results/weights/fl_vs_sfl_noniid_poisoning_attack/labels_4_per_client/baseline_no_attack
baseline_no_attack,False,,0.0,4,31,SGD,0.005,2.2326605060577394,0.1542,2.2326605060577394,0.1542,0.0,0.0,2.4845142520498484,2.6839060708880424,0.5758518790826201,5.747107862029225,results/weights/fl_vs_sfl_noniid_poisoning_attack/labels_4_per_client/baseline_no_attack
baseline_no_attack,False,,0.0,4,32,SGD,0.005,2.2142866230010987,0.1862,2.2142866230010987,0.1862,0.0,0.0,2.499203964136541,2.6938286039512604,0.5741839681286365,5.769871012074873,results/weights/fl_vs_sfl_noniid_poisoning_attack/labels_4_per_client/baseline_no_attack
baseline_no_attack,False,,0.0,4,33,SGD,0.005,2.190718971633911,0.2535,2.190718971633911,0.2535,0.0,0.0,2.508248621132225,2.700081903953105,0.5727574089542031,5.783803089987487,results/weights/fl_vs_sfl_noniid_poisoning_attack/labels_4_per_client/baseline_no_attack
baseline_no_attack,False,,0.0,4,34,SGD,0.005,2.155989786529541,0.2378,2.155989786529541,0.2378,0.0,0.0,2.512592899147421,2.703370552044362,0.5776869470719248,5.796413179021329,results/weights/fl_vs_sfl_noniid_poisoning_attack/labels_4_per_client/baseline_no_attack
baseline_no_attack,False,,0.0,4,35,SGD,0.005,2.111548012161255,0.1797,2.111548012161255,0.1797,0.0,0.0,2.5286759331356734,2.693826444912702,0.576622884022072,5.801956142997369,results/weights/fl_vs_sfl_noniid_poisoning_attack/labels_4_per_client/baseline_no_attack
baseline_no_attack,False,,0.0,4,36,SGD,0.005,2.0545364650726317,0.2283,2.0545364650726317,0.2283,0.0,0.0,2.5272666111122817,2.6838670349679887,0.5702466699294746,5.783990761963651,results/weights/fl_vs_sfl_noniid_poisoning_attack/labels_4_per_client/baseline_no_attack
baseline_no_attack,False,,0.0,4,37,SGD,0.005,1.9824277387619018,0.3017,1.9824277387619018,0.3017,0.0,0.0,2.5045397479552776,2.6933907598722726,0.5721872989088297,5.772814536932856,results/weights/fl_vs_sfl_noniid_poisoning_attack/labels_4_per_client/baseline_no_attack
baseline_no_attack,False,,0.0,4,38,SGD,0.005,1.9055717042922973,0.34,1.9055717042922973,0.34,0.0,0.0,2.5190163471270353,2.695531235076487,0.5744454350788146,5.791531400987878,results/weights/fl_vs_sfl_noniid_poisoning_attack/labels_4_per_client/baseline_no_attack
baseline_no_attack,False,,0.0,4,39,SGD,0.005,1.8301814378738404,0.3554,1.8301814378738404,0.3554,0.0,0.0,2.4987104539759457,2.690584521042183,0.5735264320392162,5.769145444966853,results/weights/fl_vs_sfl_noniid_poisoning_attack/labels_4_per_client/baseline_no_attack
baseline_no_attack,False,,0.0,4,40,SGD,0.005,1.7598262102127076,0.4065,1.7598262102127076,0.4065,0.0,0.0,2.557420658878982,2.679748428054154,0.576243377989158,5.816104447003454,results/weights/fl_vs_sfl_noniid_poisoning_attack/labels_4_per_client/baseline_no_attack
baseline_no_attack,False,,0.0,4,41,SGD,0.005,1.69104927444458,0.4319,1.69104927444458,0.4319,0.0,0.0,2.6197713578585535,2.74337952490896,0.5840741519350559,5.951295342994854,results/weights/fl_vs_sfl_noniid_poisoning_attack/labels_4_per_client/baseline_no_attack
baseline_no_attack,False,,0.0,4,42,SGD,0.005,1.6309970472335815,0.4298,1.6309970472335815,0.4298,0.0,0.0,2.6947674048133194,2.8953757400158793,0.5764641831628978,6.169198561925441,results/weights/fl_vs_sfl_noniid_poisoning_attack/labels_4_per_client/baseline_no_attack
baseline_no_attack,False,,0.0,4,43,SGD,0.005,1.5699315435409547,0.5032,1.5699315435409547,0.5032,0.0,0.0,2.5326774960849434,2.7832214068621397,0.5742307140026242,5.8930668358225375,results/weights/fl_vs_sfl_noniid_poisoning_attack/labels_4_per_client/baseline_no_attack
baseline_no_attack,False,,0.0,4,44,SGD,0.005,1.5068575464248657,0.5134,1.5068575464248657,0.5134,0.0,0.0,2.5225909480359405,2.803808764088899,0.5751672810874879,5.904262511990964,results/weights/fl_vs_sfl_noniid_poisoning_attack/labels_4_per_client/baseline_no_attack
baseline_no_attack,False,,0.0,4,45,SGD,0.005,1.4428450649261475,0.559,1.4428450649261475,0.559,0.0,0.0,2.521521159913391,2.726151114096865,0.5712136279325932,5.821535339113325,results/weights/fl_vs_sfl_noniid_poisoning_attack/labels_4_per_client/baseline_no_attack
baseline_no_attack,False,,0.0,4,46,SGD,0.005,1.378117440032959,0.5698,1.378117440032959,0.5698,0.0,0.0,2.553836927982047,2.6866122470237315,0.5749167560134083,5.817944792797789,results/weights/fl_vs_sfl_noniid_poisoning_attack/labels_4_per_client/baseline_no_attack
baseline_no_attack,False,,0.0,4,47,SGD,0.005,1.3246637912750243,0.5896,1.3246637912750243,0.5896,0.0,0.0,2.5296198648866266,2.7144733329769224,0.5737786099780351,5.820564656984061,results/weights/fl_vs_sfl_noniid_poisoning_attack/labels_4_per_client/baseline_no_attack
baseline_no_attack,False,,0.0,4,48,SGD,0.005,1.254962833213806,0.619,1.254962833213806,0.619,0.0,0.0,2.509691606974229,2.6861896119080484,0.573733835015446,5.772186717949808,results/weights/fl_vs_sfl_noniid_poisoning_attack/labels_4_per_client/baseline_no_attack
baseline_no_attack,False,,0.0,4,49,SGD,0.005,1.2015885562896729,0.6233,1.2015885562896729,0.6233,0.0,0.0,2.4905341730918735,2.700352219864726,0.5788075809832662,5.772278781980276,results/weights/fl_vs_sfl_noniid_poisoning_attack/labels_4_per_client/baseline_no_attack
baseline_no_attack,False,,0.0,4,50,SGD,0.005,1.1531037534713746,0.64,1.1531037534713746,0.64,0.0,0.0,2.521390144014731,2.936389100039378,0.5749879858922213,6.035806711995974,results/weights/fl_vs_sfl_noniid_poisoning_attack/labels_4_per_client/baseline_no_attack
attack_client_0_scale_minus_5p0,True,0,-5.0,4,1,SGD,0.005,2.3144918045043945,0.0892,2.3144918045043945,0.0892,0.0,0.0,2.7295676940120757,2.753808822017163,0.5802049131598324,6.06623718701303,results/weights/fl_vs_sfl_noniid_poisoning_attack/labels_4_per_client/attack_client_0_scale_minus_5p0
attack_client_0_scale_minus_5p0,True,0,-5.0,4,2,SGD,0.005,2.318263136291504,0.0892,2.318263136291504,0.0892,0.0,0.0,2.5202620029449463,2.7070227349177003,0.5806464760098606,5.813863787101582,results/weights/fl_vs_sfl_noniid_poisoning_attack/labels_4_per_client/attack_client_0_scale_minus_5p0
attack_client_0_scale_minus_5p0,True,0,-5.0,4,3,SGD,0.005,2.3244589065551757,0.0892,2.3244589065551757,0.0892,0.0,0.0,2.5274948950391263,2.6975216870196164,0.5752039758954197,5.803044575033709,results/weights/fl_vs_sfl_noniid_poisoning_attack/labels_4_per_client/attack_client_0_scale_minus_5p0
attack_client_0_scale_minus_5p0,True,0,-5.0,4,4,SGD,0.005,2.333200220870972,0.0892,2.333200220870972,0.0892,0.0,0.0,2.4945817610714585,2.7115253291558474,0.5750362041871995,5.7837389931082726,results/weights/fl_vs_sfl_noniid_poisoning_attack/labels_4_per_client/attack_client_0_scale_minus_5p0
attack_client_0_scale_minus_5p0,True,0,-5.0,4,5,SGD,0.005,2.3448087745666504,0.0892,2.3448087745666504,0.0892,0.0,0.0,2.519690295914188,2.8020272890571505,0.587592288153246,5.912344492971897,results/weights/fl_vs_sfl_noniid_poisoning_attack/labels_4_per_client/attack_client_0_scale_minus_5p0
attack_client_0_scale_minus_5p0,True,0,-5.0,4,6,SGD,0.005,2.3599028282165526,0.0902,2.3599028282165526,0.0902,0.0,0.0,2.5339805181138217,2.6880367738194764,0.5762118350248784,5.800940074026585,results/weights/fl_vs_sfl_noniid_poisoning_attack/labels_4_per_client/attack_client_0_scale_minus_5p0
attack_client_0_scale_minus_5p0,True,0,-5.0,4,7,SGD,0.005,2.3792267787933348,0.1158,2.3792267787933348,0.1158,0.0,0.0,2.5172372029628605,2.805926044937223,0.5752106530126184,5.901141040027142,results/weights/fl_vs_sfl_noniid_poisoning_attack/labels_4_per_client/attack_client_0_scale_minus_5p0
attack_client_0_scale_minus_5p0,True,0,-5.0,4,8,SGD,0.005,2.4038990631103516,0.1361,2.4038990631103516,0.1361,0.0,0.0,2.544321273919195,2.8710761917755008,0.5761748140212148,5.994215662125498,results/weights/fl_vs_sfl_noniid_poisoning_attack/labels_4_per_client/attack_client_0_scale_minus_5p0
attack_client_0_scale_minus_5p0,True,0,-5.0,4,9,SGD,0.005,2.435835873413086,0.1028,2.435835873413086,0.1028,0.0,0.0,2.5074055339209735,2.7003169478848577,0.5753110700752586,5.786368056898937,results/weights/fl_vs_sfl_noniid_poisoning_attack/labels_4_per_client/attack_client_0_scale_minus_5p0
attack_client_0_scale_minus_5p0,True,0,-5.0,4,10,SGD,0.005,2.4776726161956786,0.1028,2.4776726161956786,0.1028,0.0,0.0,2.5167708608787507,2.6964973949361593,0.5788281089626253,5.795302310027182,results/weights/fl_vs_sfl_noniid_poisoning_attack/labels_4_per_client/attack_client_0_scale_minus_5p0
attack_client_0_scale_minus_5p0,True,0,-5.0,4,11,SGD,0.005,2.5337776065826416,0.1028,2.5337776065826416,0.1028,0.0,0.0,2.5103042928967625,2.700996960978955,0.5759875730145723,5.789933138061315,results/weights/fl_vs_sfl_noniid_poisoning_attack/labels_4_per_client/attack_client_0_scale_minus_5p0
attack_client_0_scale_minus_5p0,True,0,-5.0,4,12,SGD,0.005,2.6106847774505617,0.1028,2.6106847774505617,0.1028,0.0,0.0,2.5866842339746654,2.730027581099421,0.578733486821875,5.898688392015174,results/weights/fl_vs_sfl_noniid_poisoning_attack/labels_4_per_client/attack_client_0_scale_minus_5p0
attack_client_0_scale_minus_5p0,True,0,-5.0,4,13,SGD,0.005,2.719007884979248,0.1028,2.719007884979248,0.1028,0.0,0.0,2.6669448409229517,2.718447861028835,0.5774578489363194,5.965425584930927,results/weights/fl_vs_sfl_noniid_poisoning_attack/labels_4_per_client/attack_client_0_scale_minus_5p0
attack_client_0_scale_minus_5p0,True,0,-5.0,4,14,SGD,0.005,2.873886416244507,0.1028,2.873886416244507,0.1028,0.0,0.0,2.586454315111041,2.7816149869468063,0.5819565348792821,5.953140196157619,results/weights/fl_vs_sfl_noniid_poisoning_attack/labels_4_per_client/attack_client_0_scale_minus_5p0
attack_client_0_scale_minus_5p0,True,0,-5.0,4,15,SGD,0.005,3.096166622924805,0.1033,3.096166622924805,0.1033,0.0,0.0,2.5850030959118158,2.7207372840493917,0.5781640990171582,5.886633264832199,results/weights/fl_vs_sfl_noniid_poisoning_attack/labels_4_per_client/attack_client_0_scale_minus_5p0
attack_client_0_scale_minus_5p0,True,0,-5.0,4,16,SGD,0.005,3.411448403930664,0.1267,3.411448403930664,0.1267,0.0,0.0,2.5303545619826764,2.693399857962504,0.5740461060777307,5.8005063810851425,results/weights/fl_vs_sfl_noniid_poisoning_attack/labels_4_per_client/attack_client_0_scale_minus_5p0
attack_client_0_scale_minus_5p0,True,0,-5.0,4,17,SGD,0.005,3.8472110679626463,0.2014,3.8472110679626463,0.2014,0.0,0.0,2.5520057850517333,2.7358222941402346,0.5776581431273371,5.868196709081531,results/weights/fl_vs_sfl_noniid_poisoning_attack/labels_4_per_client/attack_client_0_scale_minus_5p0
attack_client_0_scale_minus_5p0,True,0,-5.0,4,18,SGD,0.005,4.443984809112549,0.1049,4.443984809112549,0.1049,0.0,0.0,2.532453750958666,2.685627326136455,0.5746245349291712,5.7952860891819,results/weights/fl_vs_sfl_noniid_poisoning_attack/labels_4_per_client/attack_client_0_scale_minus_5p0
attack_client_0_scale_minus_5p0,True,0,-5.0,4,19,SGD,0.005,5.2449289970397945,0.0996,5.2449289970397945,0.0996,0.0,0.0,2.504304687026888,2.6807369999587536,0.5796298729255795,5.76733632106334,results/weights/fl_vs_sfl_noniid_poisoning_attack/labels_4_per_client/attack_client_0_scale_minus_5p0
attack_client_0_scale_minus_5p0,True,0,-5.0,4,20,SGD,0.005,6.321113459014892,0.0978,6.321113459014892,0.0978,0.0,0.0,2.51315303100273,2.705099679995328,0.5768281170167029,5.797670409781858,results/weights/fl_vs_sfl_noniid_poisoning_attack/labels_4_per_client/attack_client_0_scale_minus_5p0
attack_client_0_scale_minus_5p0,True,0,-5.0,4,21,SGD,0.005,7.757032479858398,0.1456,7.757032479858398,0.1456,0.0,0.0,2.510380988009274,2.709457727847621,0.5780505819711834,5.800662792054936,results/weights/fl_vs_sfl_noniid_poisoning_attack/labels_4_per_client/attack_client_0_scale_minus_5p0
attack_client_0_scale_minus_5p0,True,0,-5.0,4,22,SGD,0.005,9.665310653686523,0.1045,9.665310653686523,0.1045,0.0,0.0,2.526466989889741,2.6997946810442954,0.5806985478848219,5.809714938048273,results/weights/fl_vs_sfl_noniid_poisoning_attack/labels_4_per_client/attack_client_0_scale_minus_5p0
attack_client_0_scale_minus_5p0,True,0,-5.0,4,23,SGD,0.005,12.287623640441895,0.1008,12.287623640441895,0.1008,0.0,0.0,2.5134775938931853,2.7017056478653103,0.576193779008463,5.794027342926711,results/weights/fl_vs_sfl_noniid_poisoning_attack/labels_4_per_client/attack_client_0_scale_minus_5p0
attack_client_0_scale_minus_5p0,True,0,-5.0,4,24,SGD,0.005,16.02521418762207,0.1024,16.02521418762207,0.1024,0.0,0.0,2.5035125580616295,2.714830059092492,0.578216897090897,5.799246747978032,results/weights/fl_vs_sfl_noniid_poisoning_attack/labels_4_per_client/attack_client_0_scale_minus_5p0
attack_client_0_scale_minus_5p0,True,0,-5.0,4,25,SGD,0.005,21.513381311035157,0.0956,21.513381311035157,0.0956,0.0,0.0,2.5338830300606787,2.76636876212433,0.5813549840822816,5.884241363033652,results/weights/fl_vs_sfl_noniid_poisoning_attack/labels_4_per_client/attack_client_0_scale_minus_5p0
attack_client_0_scale_minus_5p0,True,0,-5.0,4,26,SGD,0.005,29.572447003173828,0.0982,29.572447003173828,0.0982,0.0,0.0,2.543275610078126,2.7836911131162196,0.5776027848478407,5.907298647100106,results/weights/fl_vs_sfl_noniid_poisoning_attack/labels_4_per_client/attack_client_0_scale_minus_5p0
attack_client_0_scale_minus_5p0,True,0,-5.0,4,27,SGD,0.005,39.81299473266601,0.0982,39.81299473266601,0.0982,0.0,0.0,2.5436168019659817,2.8258561259135604,0.5771143930032849,5.949438655981794,results/weights/fl_vs_sfl_noniid_poisoning_attack/labels_4_per_client/attack_client_0_scale_minus_5p0
attack_client_0_scale_minus_5p0,True,0,-5.0,4,28,SGD,0.005,50.6422794921875,0.127,50.6422794921875,0.127,0.0,0.0,2.5907483550254256,2.695875948993489,0.5777097339741886,5.8671725378371775,results/weights/fl_vs_sfl_noniid_poisoning_attack/labels_4_per_client/attack_client_0_scale_minus_5p0
attack_client_0_scale_minus_5p0,True,0,-5.0,4,29,SGD,0.005,61.43775213623047,0.0892,61.43775213623047,0.0892,0.0,0.0,2.6169938598759472,2.7348006418906152,0.5807913120370358,5.935335356974974,results/weights/fl_vs_sfl_noniid_poisoning_attack/labels_4_per_client/attack_client_0_scale_minus_5p0
attack_client_0_scale_minus_5p0,True,0,-5.0,4,30,SGD,0.005,71.1587378540039,0.0982,71.1587378540039,0.0982,0.0,0.0,2.5573321951087564,2.7097030009608716,0.5800454299896955,5.850064207101241,results/weights/fl_vs_sfl_noniid_poisoning_attack/labels_4_per_client/attack_client_0_scale_minus_5p0
attack_client_0_scale_minus_5p0,True,0,-5.0,4,31,SGD,0.005,78.91873514404297,0.0904,78.91873514404297,0.0904,0.0,0.0,2.5296636188868433,2.710627310909331,0.5770580009557307,5.820380658842623,results/weights/fl_vs_sfl_noniid_poisoning_attack/labels_4_per_client/attack_client_0_scale_minus_5p0
attack_client_0_scale_minus_5p0,True,0,-5.0,4,32,SGD,0.005,84.0214110961914,0.0982,84.0214110961914,0.0982,0.0,0.0,2.5833629919216037,2.7283542880322784,0.5786039230879396,5.893004118930548,results/weights/fl_vs_sfl_noniid_poisoning_attack/labels_4_per_client/attack_client_0_scale_minus_5p0
attack_client_0_scale_minus_5p0,True,0,-5.0,4,33,SGD,0.005,88.24224429931641,0.0892,88.24224429931641,0.0892,0.0,0.0,2.6086819730699062,2.784091372974217,0.580922112101689,5.976887499913573,results/weights/fl_vs_sfl_noniid_poisoning_attack/labels_4_per_client/attack_client_0_scale_minus_5p0
attack_client_0_scale_minus_5p0,True,0,-5.0,4,34,SGD,0.005,91.0576794555664,0.1524,91.0576794555664,0.1524,0.0,0.0,2.5264713931828737,2.6813541220035404,0.5792115738149732,5.7897718250751495,results/weights/fl_vs_sfl_noniid_poisoning_attack/labels_4_per_client/attack_client_0_scale_minus_5p0
attack_client_0_scale_minus_5p0,True,0,-5.0,4,35,SGD,0.005,91.04585617675781,0.0875,91.04585617675781,0.0875,0.0,0.0,2.5125991092063487,2.785886658821255,0.5780797048937529,5.879368939902633,results/weights/fl_vs_sfl_noniid_poisoning_attack/labels_4_per_client/attack_client_0_scale_minus_5p0
attack_client_0_scale_minus_5p0,True,0,-5.0,4,36,SGD,0.005,91.47775451660156,0.0899,91.47775451660156,0.0899,0.0,0.0,2.516570933861658,2.696169951930642,0.5735108379740268,5.7889549299143255,results/weights/fl_vs_sfl_noniid_poisoning_attack/labels_4_per_client/attack_client_0_scale_minus_5p0
attack_client_0_scale_minus_5p0,True,0,-5.0,4,37,SGD,0.005,91.86995659179688,0.157,91.86995659179688,0.157,0.0,0.0,2.5285312689375132,2.7205486360471696,0.5757589170243591,5.827715166844428,results/weights/fl_vs_sfl_noniid_poisoning_attack/labels_4_per_client/attack_client_0_scale_minus_5p0
attack_client_0_scale_minus_5p0,True,0,-5.0,4,38,SGD,0.005,89.17906373291015,0.0982,89.17906373291015,0.0982,0.0,0.0,2.512060027103871,2.688884859904647,0.5767401501070708,5.780257297912613,results/weights/fl_vs_sfl_noniid_poisoning_attack/labels_4_per_client/attack_client_0_scale_minus_5p0
attack_client_0_scale_minus_5p0,True,0,-5.0,4,39,SGD,0.005,82.55396411132813,0.0982,82.55396411132813,0.0982,0.0,0.0,2.4960698990616947,2.6814701999537647,0.5741127298679203,5.754210451850668,results/weights/fl_vs_sfl_noniid_poisoning_attack/labels_4_per_client/attack_client_0_scale_minus_5p0
attack_client_0_scale_minus_5p0,True,0,-5.0,4,40,SGD,0.005,87.32716077880859,0.0982,87.32716077880859,0.0982,0.0,0.0,2.60199148603715,2.677665462018922,0.5774859171360731,5.860003218986094,results/weights/fl_vs_sfl_noniid_poisoning_attack/labels_4_per_client/attack_client_0_scale_minus_5p0
attack_client_0_scale_minus_5p0,True,0,-5.0,4,41,SGD,0.005,81.38120238037109,0.0982,81.38120238037109,0.0982,0.0,0.0,2.5444837999530137,2.7892884290777147,0.5761964290868491,5.912984556052834,results/weights/fl_vs_sfl_noniid_poisoning_attack/labels_4_per_client/attack_client_0_scale_minus_5p0
attack_client_0_scale_minus_5p0,True,0,-5.0,4,42,SGD,0.005,79.15525521240234,0.0982,79.15525521240234,0.0982,0.0,0.0,2.6215794899035245,2.689026714069769,0.5754379769787192,5.888679543044418,results/weights/fl_vs_sfl_noniid_poisoning_attack/labels_4_per_client/attack_client_0_scale_minus_5p0
attack_client_0_scale_minus_5p0,True,0,-5.0,4,43,SGD,0.005,89.93644401855468,0.0982,89.93644401855468,0.0982,0.0,0.0,2.5144321778789163,2.7089580988977104,0.5758007699623704,5.801947872154415,results/weights/fl_vs_sfl_noniid_poisoning_attack/labels_4_per_client/attack_client_0_scale_minus_5p0
attack_client_0_scale_minus_5p0,True,0,-5.0,4,44,SGD,0.005,102.96190869140625,0.0982,102.96190869140625,0.0982,0.0,0.0,2.518257441930473,2.7037390840705484,0.5770431789569557,5.801947347819805,results/weights/fl_vs_sfl_noniid_poisoning_attack/labels_4_per_client/attack_client_0_scale_minus_5p0
attack_client_0_scale_minus_5p0,True,0,-5.0,4,45,SGD,0.005,106.37604919433593,0.1003,106.37604919433593,0.1003,0.0,0.0,2.5755881459917873,2.859368645818904,0.5757567330729216,6.0133195298258215,results/weights/fl_vs_sfl_noniid_poisoning_attack/labels_4_per_client/attack_client_0_scale_minus_5p0
attack_client_0_scale_minus_5p0,True,0,-5.0,4,46,SGD,0.005,118.83390607910157,0.099,118.83390607910157,0.099,0.0,0.0,2.5229669180698693,2.688693000935018,0.5759067328181118,5.790136580122635,results/weights/fl_vs_sfl_noniid_poisoning_attack/labels_4_per_client/attack_client_0_scale_minus_5p0
attack_client_0_scale_minus_5p0,True,0,-5.0,4,47,SGD,0.005,140.05180515136718,0.0892,140.05180515136718,0.0892,0.0,0.0,2.7917269819881767,3.0058455569669604,0.5784757691435516,6.378760387888178,results/weights/fl_vs_sfl_noniid_poisoning_attack/labels_4_per_client/attack_client_0_scale_minus_5p0
attack_client_0_scale_minus_5p0,True,0,-5.0,4,48,SGD,0.005,169.94504150390625,0.0892,169.94504150390625,0.0892,0.0,0.0,2.820621964056045,2.975515183992684,0.5968680230434984,6.3957575228996575,results/weights/fl_vs_sfl_noniid_poisoning_attack/labels_4_per_client/attack_client_0_scale_minus_5p0
attack_client_0_scale_minus_5p0,True,0,-5.0,4,49,SGD,0.005,199.1696930175781,0.107,199.1696930175781,0.107,0.0,0.0,2.6324831519741565,2.9044779038522393,0.5721887010149658,6.151582021033391,results/weights/fl_vs_sfl_noniid_poisoning_attack/labels_4_per_client/attack_client_0_scale_minus_5p0
attack_client_0_scale_minus_5p0,True,0,-5.0,4,50,SGD,0.005,297.40852958984374,0.1024,297.40852958984374,0.1024,0.0,0.0,2.760705398162827,2.9304733090102673,0.5862231331411749,6.280392222106457,results/weights/fl_vs_sfl_noniid_poisoning_attack/labels_4_per_client/attack_client_0_scale_minus_5p0
baseline_no_attack,False,,0.0,6,1,SGD,0.005,2.311481544494629,0.0892,2.311481544494629,0.0892,0.0,0.0,2.6280441239941865,2.7183376781176776,0.5761761399917305,5.925223737955093,results/weights/fl_vs_sfl_noniid_poisoning_attack/labels_6_per_client/baseline_no_attack
baseline_no_attack,False,,0.0,6,2,SGD,0.005,2.3099991401672364,0.0892,2.3099991401672364,0.0892,0.0,0.0,2.5869487959425896,2.9576976739335805,0.5895587890408933,6.137165794149041,results/weights/fl_vs_sfl_noniid_poisoning_attack/labels_6_per_client/baseline_no_attack
baseline_no_attack,False,,0.0,6,3,SGD,0.005,2.3086682678222656,0.0892,2.3086682678222656,0.0892,0.0,0.0,2.833917428040877,2.7632903498597443,0.5757177530322224,6.175473670940846,results/weights/fl_vs_sfl_noniid_poisoning_attack/labels_6_per_client/baseline_no_attack
baseline_no_attack,False,,0.0,6,4,SGD,0.005,2.3074643310546876,0.0901,2.3074643310546876,0.0901,0.0,0.0,2.6440969288814813,2.820097016869113,0.5740016279742122,6.040760667994618,results/weights/fl_vs_sfl_noniid_poisoning_attack/labels_6_per_client/baseline_no_attack
baseline_no_attack,False,,0.0,6,5,SGD,0.005,2.306376759338379,0.1068,2.306376759338379,0.1068,0.0,0.0,2.542088909074664,2.7041717970278114,0.5789497289806604,5.827903826022521,results/weights/fl_vs_sfl_noniid_poisoning_attack/labels_6_per_client/baseline_no_attack
baseline_no_attack,False,,0.0,6,6,SGD,0.005,2.3053823123931885,0.1213,2.3053823123931885,0.1213,0.0,0.0,2.542120269034058,2.6806481080129743,0.5836128380615264,5.809176607988775,results/weights/fl_vs_sfl_noniid_poisoning_attack/labels_6_per_client/baseline_no_attack
baseline_no_attack,False,,0.0,6,7,SGD,0.005,2.304469403076172,0.1098,2.304469403076172,0.1098,0.0,0.0,2.5813259189017117,2.7271354449912906,0.5770346911158413,5.888241867069155,results/weights/fl_vs_sfl_noniid_poisoning_attack/labels_6_per_client/baseline_no_attack
baseline_no_attack,False,,0.0,6,8,SGD,0.005,2.3036227157592775,0.1067,2.3036227157592775,0.1067,0.0,0.0,2.632574691902846,2.7098325369879603,0.5781287720892578,5.923411030089483,results/weights/fl_vs_sfl_noniid_poisoning_attack/labels_6_per_client/baseline_no_attack
baseline_no_attack,False,,0.0,6,9,SGD,0.005,2.3028207466125488,0.1051,2.3028207466125488,0.1051,0.0,0.0,2.518915076041594,2.7106306040659547,0.5776742398738861,5.810012564994395,results/weights/fl_vs_sfl_noniid_poisoning_attack/labels_6_per_client/baseline_no_attack
baseline_no_attack,False,,0.0,6,10,SGD,0.005,2.302054097747803,0.1041,2.302054097747803,0.1041,0.0,0.0,2.511520033935085,2.7429479418788105,0.5775505611672997,5.834687487920746,results/weights/fl_vs_sfl_noniid_poisoning_attack/labels_6_per_client/baseline_no_attack
baseline_no_attack,False,,0.0,6,11,SGD,0.005,2.301312835693359,0.104,2.301312835693359,0.104,0.0,0.0,2.805957579985261,2.9504745597951114,0.5808476370293647,6.340205346001312,results/weights/fl_vs_sfl_noniid_poisoning_attack/labels_6_per_client/baseline_no_attack
baseline_no_attack,False,,0.0,6,12,SGD,0.005,2.30057889251709,0.1038,2.30057889251709,0.1038,0.0,0.0,2.5387971829622984,2.7196291000582278,0.5768178880680352,5.840448601869866,results/weights/fl_vs_sfl_noniid_poisoning_attack/labels_6_per_client/baseline_no_attack
baseline_no_attack,False,,0.0,6,13,SGD,0.005,2.2998542617797852,0.1035,2.2998542617797852,0.1035,0.0,0.0,2.637027169112116,2.9098375330213457,0.5755041667725891,6.124985398957506,results/weights/fl_vs_sfl_noniid_poisoning_attack/labels_6_per_client/baseline_no_attack
baseline_no_attack,False,,0.0,6,14,SGD,0.005,2.2991278411865235,0.1036,2.2991278411865235,0.1036,0.0,0.0,2.5027231408748776,2.7001270139589906,0.5788686810992658,5.784443626180291,results/weights/fl_vs_sfl_noniid_poisoning_attack/labels_6_per_client/baseline_no_attack
baseline_no_attack,False,,0.0,6,15,SGD,0.005,2.298393880844116,0.1033,2.298393880844116,0.1033,0.0,0.0,2.707717990037054,2.7164448180701584,0.5775985959917307,6.004445204976946,results/weights/fl_vs_sfl_noniid_poisoning_attack/labels_6_per_client/baseline_no_attack
baseline_no_attack,False,,0.0,6,16,SGD,0.005,2.2976464939117434,0.1036,2.2976464939117434,0.1036,0.0,0.0,2.5296035860665143,2.6949187049176544,0.5763227578718215,5.80345583986491,results/weights/fl_vs_sfl_noniid_poisoning_attack/labels_6_per_client/baseline_no_attack
baseline_no_attack,False,,0.0,6,17,SGD,0.005,2.29687347946167,0.1039,2.29687347946167,0.1039,0.0,0.0,2.608121305005625,2.9402424509171396,0.5789187969639897,6.130223782965913,results/weights/fl_vs_sfl_noniid_poisoning_attack/labels_6_per_client/baseline_no_attack
baseline_no_attack,False,,0.0,6,18,SGD,0.005,2.2960703563690186,0.1042,2.2960703563690186,0.1042,0.0,0.0,2.8012093789875507,2.787780866958201,0.5759009290486574,6.167641612002626,results/weights/fl_vs_sfl_noniid_poisoning_attack/labels_6_per_client/baseline_no_attack
baseline_no_attack,False,,0.0,6,19,SGD,0.005,2.2952314586639404,0.1056,2.2952314586639404,0.1056,0.0,0.0,2.6186146319378167,2.7438013979699463,0.5785655479412526,5.943960743956268,results/weights/fl_vs_sfl_noniid_poisoning_attack/labels_6_per_client/baseline_no_attack
baseline_no_attack,False,,0.0,6,20,SGD,0.005,2.2943362689971925,0.1069,2.2943362689971925,0.1069,0.0,0.0,2.505212362855673,2.692640753928572,0.5791261461563408,5.779674028046429,results/weights/fl_vs_sfl_noniid_poisoning_attack/labels_6_per_client/baseline_no_attack
baseline_no_attack,False,,0.0,6,21,SGD,0.005,2.293365061950684,0.1098,2.293365061950684,0.1098,0.0,0.0,2.5500247799791396,2.7021545390598476,0.5761376929003745,5.831000085920095,results/weights/fl_vs_sfl_noniid_poisoning_attack/labels_6_per_client/baseline_no_attack
baseline_no_attack,False,,0.0,6,22,SGD,0.005,2.2922875202178954,0.114,2.2922875202178954,0.114,0.0,0.0,2.621659721946344,2.847918637096882,0.5779667070601135,6.050359525019303,results/weights/fl_vs_sfl_noniid_poisoning_attack/labels_6_per_client/baseline_no_attack
baseline_no_attack,False,,0.0,6,23,SGD,0.005,2.2910274070739747,0.1209,2.2910274070739747,0.1209,0.0,0.0,2.6943370760418475,2.714220942929387,0.5756353109609336,5.98676280095242,results/weights/fl_vs_sfl_noniid_poisoning_attack/labels_6_per_client/baseline_no_attack
baseline_no_attack,False,,0.0,6,24,SGD,0.005,2.2895681228637694,0.1869,2.2895681228637694,0.1869,0.0,0.0,2.513637120136991,2.7024185420013964,0.5740448320284486,5.7926639339420944,results/weights/fl_vs_sfl_noniid_poisoning_attack/labels_6_per_client/baseline_no_attack
baseline_no_attack,False,,0.0,6,25,SGD,0.005,2.2880129848480224,0.2242,2.2880129848480224,0.2242,0.0,0.0,2.542602237081155,2.715532702859491,0.5798674740362912,5.84070980688557,results/weights/fl_vs_sfl_noniid_poisoning_attack/labels_6_per_client/baseline_no_attack
baseline_no_attack,False,,0.0,6,26,SGD,0.005,2.28629084777832,0.2236,2.28629084777832,0.2236,0.0,0.0,2.718316091923043,3.027492424007505,0.5794009109959006,6.328560321126133,results/weights/fl_vs_sfl_noniid_poisoning_attack/labels_6_per_client/baseline_no_attack
baseline_no_attack,False,,0.0,6,27,SGD,0.005,2.284323137664795,0.2191,2.284323137664795,0.2191,0.0,0.0,2.8313711110968143,3.0382404690608382,0.577676098793745,6.490133213112131,results/weights/fl_vs_sfl_noniid_poisoning_attack/labels_6_per_client/baseline_no_attack
baseline_no_attack,False,,0.0,6,28,SGD,0.005,2.2821107933044433,0.2175,2.2821107933044433,0.2175,0.0,0.0,2.790819176007062,2.941439181100577,0.5771675819996744,6.312200936023146,results/weights/fl_vs_sfl_noniid_poisoning_attack/labels_6_per_client/baseline_no_attack
baseline_no_attack,False,,0.0,6,29,SGD,0.005,2.2796157749176027,0.2193,2.2796157749176027,0.2193,0.0,0.0,2.5565433450974524,2.719460182124749,0.5776786669157445,5.856280751992017,results/weights/fl_vs_sfl_noniid_poisoning_attack/labels_6_per_client/baseline_no_attack
baseline_no_attack,False,,0.0,6,30,SGD,0.005,2.276752994155884,0.224,2.276752994155884,0.224,0.0,0.0,2.5083540540654212,2.6995261721313,0.5759539918508381,5.78657002793625,results/weights/fl_vs_sfl_noniid_poisoning_attack/labels_6_per_client/baseline_no_attack
baseline_no_attack,False,,0.0,6,31,SGD,0.005,2.2734026626586914,0.2323,2.2734026626586914,0.2323,0.0,0.0,2.5001008938997984,2.69834117195569,0.5815464581828564,5.782724525080994,results/weights/fl_vs_sfl_noniid_poisoning_attack/labels_6_per_client/baseline_no_attack
baseline_no_attack,False,,0.0,6,32,SGD,0.005,2.2694291015625,0.2496,2.2694291015625,0.2496,0.0,0.0,2.553056330187246,2.6873983510304242,0.5778558058664203,5.820979726035148,results/weights/fl_vs_sfl_noniid_poisoning_attack/labels_6_per_client/baseline_no_attack
baseline_no_attack,False,,0.0,6,33,SGD,0.005,2.264648677062988,0.2728,2.264648677062988,0.2728,0.0,0.0,2.509866180131212,2.68827649904415,0.5767086721025407,5.77752405195497,results/weights/fl_vs_sfl_noniid_poisoning_attack/labels_6_per_client/baseline_no_attack
baseline_no_attack,False,,0.0,6,34,SGD,0.005,2.2588141330718994,0.2967,2.2588141330718994,0.2967,0.0,0.0,2.560596159193665,2.776802317937836,0.5784802050329745,5.918451966019347,results/weights/fl_vs_sfl_noniid_poisoning_attack/labels_6_per_client/baseline_no_attack
baseline_no_attack,False,,0.0,6,35,SGD,0.005,2.251571353530884,0.3319,2.251571353530884,0.3319,0.0,0.0,2.5088454040233046,2.689691434847191,0.5739065229427069,5.777875687927008,results/weights/fl_vs_sfl_noniid_poisoning_attack/labels_6_per_client/baseline_no_attack
baseline_no_attack,False,,0.0,6,36,SGD,0.005,2.242417640686035,0.3665,2.242417640686035,0.3665,0.0,0.0,2.5138087968807667,2.7039978799875826,0.5770047740079463,5.797461681067944,results/weights/fl_vs_sfl_noniid_poisoning_attack/labels_6_per_client/baseline_no_attack
baseline_no_attack,False,,0.0,6,37,SGD,0.005,2.230591968536377,0.3917,2.230591968536377,0.3917,0.0,0.0,2.5438532629050314,2.8024005671031773,0.5759034599177539,5.924929024884477,results/weights/fl_vs_sfl_noniid_poisoning_attack/labels_6_per_client/baseline_no_attack
baseline_no_attack,False,,0.0,6,38,SGD,0.005,2.215023971939087,0.394,2.215023971939087,0.394,0.0,0.0,2.501116493018344,2.6954182779882103,0.5759871699847281,5.775392750976607,results/weights/fl_vs_sfl_noniid_poisoning_attack/labels_6_per_client/baseline_no_attack
baseline_no_attack,False,,0.0,6,39,SGD,0.005,2.1941531566619874,0.3877,2.1941531566619874,0.3877,0.0,0.0,2.5861207460984588,2.7725476059131324,0.5729637620970607,5.934443682897836,results/weights/fl_vs_sfl_noniid_poisoning_attack/labels_6_per_client/baseline_no_attack
baseline_no_attack,False,,0.0,6,40,SGD,0.005,2.1659151206970213,0.3898,2.1659151206970213,0.3898,0.0,0.0,2.637699545128271,2.708414201857522,0.5740549401380122,5.922908489126712,results/weights/fl_vs_sfl_noniid_poisoning_attack/labels_6_per_client/baseline_no_attack
baseline_no_attack,False,,0.0,6,41,SGD,0.005,2.128062989425659,0.3872,2.128062989425659,0.3872,0.0,0.0,2.518589069833979,2.8746334321331233,0.5832111421041191,5.979395864997059,results/weights/fl_vs_sfl_noniid_poisoning_attack/labels_6_per_client/baseline_no_attack
baseline_no_attack,False,,0.0,6,42,SGD,0.005,2.077627429962158,0.3742,2.077627429962158,0.3742,0.0,0.0,2.7789191459305584,2.730014134198427,0.5754246169235557,6.0870143480133265,results/weights/fl_vs_sfl_noniid_poisoning_attack/labels_6_per_client/baseline_no_attack
baseline_no_attack,False,,0.0,6,43,SGD,0.005,2.0121852167129517,0.3635,2.0121852167129517,0.3635,0.0,0.0,2.5823334839660674,2.7952552421484143,0.5771543339360505,5.957360642962158,results/weights/fl_vs_sfl_noniid_poisoning_attack/labels_6_per_client/baseline_no_attack
baseline_no_attack,False,,0.0,6,44,SGD,0.005,1.930492953491211,0.3671,1.930492953491211,0.3671,0.0,0.0,2.5276898969896138,2.764188169967383,0.5855682590045035,5.880484171910211,results/weights/fl_vs_sfl_noniid_poisoning_attack/labels_6_per_client/baseline_no_attack
baseline_no_attack,False,,0.0,6,45,SGD,0.005,1.8381058444976808,0.3874,1.8381058444976808,0.3874,0.0,0.0,2.6371823430527,2.685927402926609,0.5823184389155358,5.9079744489863515,results/weights/fl_vs_sfl_noniid_poisoning_attack/labels_6_per_client/baseline_no_attack
baseline_no_attack,False,,0.0,6,46,SGD,0.005,1.7368742729187012,0.4024,1.7368742729187012,0.4024,0.0,0.0,2.5181684710551053,2.703530496917665,0.5764667859766632,5.800885923905298,results/weights/fl_vs_sfl_noniid_poisoning_attack/labels_6_per_client/baseline_no_attack
baseline_no_attack,False,,0.0,6,47,SGD,0.005,1.6371101495742797,0.422,1.6371101495742797,0.422,0.0,0.0,2.532255585072562,2.6992862289771438,0.5744449070189148,5.808841179823503,results/weights/fl_vs_sfl_noniid_poisoning_attack/labels_6_per_client/baseline_no_attack
baseline_no_attack,False,,0.0,6,48,SGD,0.005,1.5398107284545899,0.505,1.5398107284545899,0.505,0.0,0.0,2.532229805830866,2.6954596790019423,0.5765846720896661,5.810466116061434,results/weights/fl_vs_sfl_noniid_poisoning_attack/labels_6_per_client/baseline_no_attack
baseline_no_attack,False,,0.0,6,49,SGD,0.005,1.4464037158966065,0.5547,1.4464037158966065,0.5547,0.0,0.0,2.5105863029602915,2.7733208229765296,0.5852054059505463,5.871877448866144,results/weights/fl_vs_sfl_noniid_poisoning_attack/labels_6_per_client/baseline_no_attack
baseline_no_attack,False,,0.0,6,50,SGD,0.005,1.3552482919692994,0.5789,1.3552482919692994,0.5789,0.0,0.0,2.56568679981865,2.7174058919772506,0.5734642399474978,5.859211667906493,results/weights/fl_vs_sfl_noniid_poisoning_attack/labels_6_per_client/baseline_no_attack
attack_client_0_scale_minus_5p0,True,0,-5.0,6,1,SGD,0.005,2.3120232418060302,0.0969,2.3120232418060302,0.0969,0.0,0.0,2.4872882950585335,2.6907670029904693,0.5726582708302885,5.753242862178013,results/weights/fl_vs_sfl_noniid_poisoning_attack/labels_6_per_client/attack_client_0_scale_minus_5p0
attack_client_0_scale_minus_5p0,True,0,-5.0,6,2,SGD,0.005,2.3118738216400145,0.1028,2.3118738216400145,0.1028,0.0,0.0,2.590014916146174,2.835070803994313,0.5728768338449299,6.000954757910222,results/weights/fl_vs_sfl_noniid_poisoning_attack/labels_6_per_client/attack_client_0_scale_minus_5p0
attack_client_0_scale_minus_5p0,True,0,-5.0,6,3,SGD,0.005,2.3126209815979,0.1028,2.3126209815979,0.1028,0.0,0.0,2.827620286028832,2.8762670350261033,0.574003878980875,6.283806087914854,results/weights/fl_vs_sfl_noniid_poisoning_attack/labels_6_per_client/attack_client_0_scale_minus_5p0
attack_client_0_scale_minus_5p0,True,0,-5.0,6,4,SGD,0.005,2.314306156539917,0.1028,2.314306156539917,0.1028,0.0,0.0,2.4882838090416044,2.810567193897441,0.5784432829823345,5.879996784962714,results/weights/fl_vs_sfl_noniid_poisoning_attack/labels_6_per_client/attack_client_0_scale_minus_5p0
attack_client_0_scale_minus_5p0,True,0,-5.0,6,5,SGD,0.005,2.3168186012268066,0.1028,2.3168186012268066,0.1028,0.0,0.0,2.6068549731280655,2.751152151962742,0.5764154870994389,5.936961465980858,results/weights/fl_vs_sfl_noniid_poisoning_attack/labels_6_per_client/attack_client_0_scale_minus_5p0
attack_client_0_scale_minus_5p0,True,0,-5.0,6,6,SGD,0.005,2.3201717517852782,0.1028,2.3201717517852782,0.1028,0.0,0.0,2.5158507749438286,2.683830726891756,0.5735994919668883,5.776093567954376,results/weights/fl_vs_sfl_noniid_poisoning_attack/labels_6_per_client/attack_client_0_scale_minus_5p0
attack_client_0_scale_minus_5p0,True,0,-5.0,6,7,SGD,0.005,2.3243601108551024,0.1028,2.3243601108551024,0.1028,0.0,0.0,2.5027701458893716,2.7114712060429156,0.5700223732274026,5.786980069009587,results/weights/fl_vs_sfl_noniid_poisoning_attack/labels_6_per_client/attack_client_0_scale_minus_5p0
attack_client_0_scale_minus_5p0,True,0,-5.0,6,8,SGD,0.005,2.3294471984863283,0.1028,2.3294471984863283,0.1028,0.0,0.0,2.5340992060955614,2.7908139990177006,0.5777730708941817,5.905297866789624,results/weights/fl_vs_sfl_noniid_poisoning_attack/labels_6_per_client/attack_client_0_scale_minus_5p0
attack_client_0_scale_minus_5p0,True,0,-5.0,6,9,SGD,0.005,2.3354424396514895,0.1028,2.3354424396514895,0.1028,0.0,0.0,2.4895687450189143,2.6960584830958396,0.5724414261057973,5.760724126826972,results/weights/fl_vs_sfl_noniid_poisoning_attack/labels_6_per_client/attack_client_0_scale_minus_5p0
attack_client_0_scale_minus_5p0,True,0,-5.0,6,10,SGD,0.005,2.3424556007385253,0.1028,2.3424556007385253,0.1028,0.0,0.0,2.4924740090500563,2.6978888190351427,0.5964796741027385,5.789589130086824,results/weights/fl_vs_sfl_noniid_poisoning_attack/labels_6_per_client/attack_client_0_scale_minus_5p0
attack_client_0_scale_minus_5p0,True,0,-5.0,6,11,SGD,0.005,2.350532133483887,0.1028,2.350532133483887,0.1028,0.0,0.0,2.575491800904274,2.6734730610623956,0.5732355681248009,5.824884846108034,results/weights/fl_vs_sfl_noniid_poisoning_attack/labels_6_per_client/attack_client_0_scale_minus_5p0
attack_client_0_scale_minus_5p0,True,0,-5.0,6,12,SGD,0.005,2.359812442779541,0.1028,2.359812442779541,0.1028,0.0,0.0,2.5059008290991187,2.7232110211625695,0.5753534978721291,5.807171856984496,results/weights/fl_vs_sfl_noniid_poisoning_attack/labels_6_per_client/attack_client_0_scale_minus_5p0
attack_client_0_scale_minus_5p0,True,0,-5.0,6,13,SGD,0.005,2.370440378189087,0.1028,2.370440378189087,0.1028,0.0,0.0,2.5687055259477347,2.764363182010129,0.5770722760353237,5.913166553946212,results/weights/fl_vs_sfl_noniid_poisoning_attack/labels_6_per_client/attack_client_0_scale_minus_5p0
attack_client_0_scale_minus_5p0,True,0,-5.0,6,14,SGD,0.005,2.3824703624725343,0.1028,2.3824703624725343,0.1028,0.0,0.0,2.790709150955081,2.980444598942995,0.5716489751357585,6.345617230981588,results/weights/fl_vs_sfl_noniid_poisoning_attack/labels_6_per_client/attack_client_0_scale_minus_5p0
attack_client_0_scale_minus_5p0,True,0,-5.0,6,15,SGD,0.005,2.3962178573608397,0.1028,2.3962178573608397,0.1028,0.0,0.0,2.788235137006268,2.9789871480315924,0.5854466478340328,6.355576480040327,results/weights/fl_vs_sfl_noniid_poisoning_attack/labels_6_per_client/attack_client_0_scale_minus_5p0
attack_client_0_scale_minus_5p0,True,0,-5.0,6,16,SGD,0.005,2.411669719696045,0.1028,2.411669719696045,0.1028,0.0,0.0,2.7808622929733247,2.958755200030282,0.5749122959095985,6.317480778088793,results/weights/fl_vs_sfl_noniid_poisoning_attack/labels_6_per_client/attack_client_0_scale_minus_5p0
attack_client_0_scale_minus_5p0,True,0,-5.0,6,17,SGD,0.005,2.4292011779785154,0.1028,2.4292011779785154,0.1028,0.0,0.0,2.696818307042122,2.717456123093143,0.5761573140043765,5.993086331989616,results/weights/fl_vs_sfl_noniid_poisoning_attack/labels_6_per_client/attack_client_0_scale_minus_5p0
attack_client_0_scale_minus_5p0,True,0,-5.0,6,18,SGD,0.005,2.4488882274627684,0.1028,2.4488882274627684,0.1028,0.0,0.0,2.5197473189327866,2.6885114090982825,0.5757133450824767,5.786550615914166,results/weights/fl_vs_sfl_noniid_poisoning_attack/labels_6_per_client/attack_client_0_scale_minus_5p0
attack_client_0_scale_minus_5p0,True,0,-5.0,6,19,SGD,0.005,2.4709180362701417,0.1028,2.4709180362701417,0.1028,0.0,0.0,2.48410308198072,2.695656759198755,0.5704134788829833,5.752897377125919,results/weights/fl_vs_sfl_noniid_poisoning_attack/labels_6_per_client/attack_client_0_scale_minus_5p0
attack_client_0_scale_minus_5p0,True,0,-5.0,6,20,SGD,0.005,2.4953834857940675,0.1028,2.4953834857940675,0.1028,0.0,0.0,2.5625514939893037,2.757540018996224,0.5870287029538304,5.910063243005425,results/weights/fl_vs_sfl_noniid_poisoning_attack/labels_6_per_client/attack_client_0_scale_minus_5p0
attack_client_0_scale_minus_5p0,True,0,-5.0,6,21,SGD,0.005,2.522124342727661,0.1028,2.522124342727661,0.1028,0.0,0.0,2.6022598349954933,2.674555494915694,0.5743787470273674,5.853846037993208,results/weights/fl_vs_sfl_noniid_poisoning_attack/labels_6_per_client/attack_client_0_scale_minus_5p0
attack_client_0_scale_minus_5p0,True,0,-5.0,6,22,SGD,0.005,2.551212131500244,0.1028,2.551212131500244,0.1028,0.0,0.0,2.49660004908219,2.693997581023723,0.5729319599922746,5.766217854106799,results/weights/fl_vs_sfl_noniid_poisoning_attack/labels_6_per_client/attack_client_0_scale_minus_5p0
attack_client_0_scale_minus_5p0,True,0,-5.0,6,23,SGD,0.005,2.5818443256378174,0.1052,2.5818443256378174,0.1052,0.0,0.0,2.658255100948736,2.769099686993286,0.5746259409934282,6.0047091520391405,results/weights/fl_vs_sfl_noniid_poisoning_attack/labels_6_per_client/attack_client_0_scale_minus_5p0
attack_client_0_scale_minus_5p0,True,0,-5.0,6,24,SGD,0.005,2.6140372344970704,0.113,2.6140372344970704,0.113,0.0,0.0,2.5311529729515314,2.8273950980510563,0.5755070871673524,5.936803040094674,results/weights/fl_vs_sfl_noniid_poisoning_attack/labels_6_per_client/attack_client_0_scale_minus_5p0
attack_client_0_scale_minus_5p0,True,0,-5.0,6,25,SGD,0.005,2.6468185920715332,0.1274,2.6468185920715332,0.1274,0.0,0.0,2.5146341079380363,2.6868654710706323,0.5754117991309613,5.779726148815826,results/weights/fl_vs_sfl_noniid_poisoning_attack/labels_6_per_client/attack_client_0_scale_minus_5p0
attack_client_0_scale_minus_5p0,True,0,-5.0,6,26,SGD,0.005,2.6798386672973633,0.1447,2.6798386672973633,0.1447,0.0,0.0,2.5194710840005428,2.717429610900581,0.5728916130028665,5.812429340090603,results/weights/fl_vs_sfl_noniid_poisoning_attack/labels_6_per_client/attack_client_0_scale_minus_5p0
attack_client_0_scale_minus_5p0,True,0,-5.0,6,27,SGD,0.005,2.711919058227539,0.154,2.711919058227539,0.154,0.0,0.0,2.72440181998536,2.918071205029264,0.5770992629695684,6.222509311046451,results/weights/fl_vs_sfl_noniid_poisoning_attack/labels_6_per_client/attack_client_0_scale_minus_5p0
attack_client_0_scale_minus_5p0,True,0,-5.0,6,28,SGD,0.005,2.742505355834961,0.1592,2.742505355834961,0.1592,0.0,0.0,2.799601577920839,3.021009874995798,0.582073284080252,6.4058807250112295,results/weights/fl_vs_sfl_noniid_poisoning_attack/labels_6_per_client/attack_client_0_scale_minus_5p0
attack_client_0_scale_minus_5p0,True,0,-5.0,6,29,SGD,0.005,2.771117055130005,0.1588,2.771117055130005,0.1588,0.0,0.0,2.770113010890782,2.8934801230207086,0.5767119289375842,6.24289815989323,results/weights/fl_vs_sfl_noniid_poisoning_attack/labels_6_per_client/attack_client_0_scale_minus_5p0
attack_client_0_scale_minus_5p0,True,0,-5.0,6,30,SGD,0.005,2.7978030864715575,0.1591,2.7978030864715575,0.1591,0.0,0.0,2.680510177044198,2.8168354141525924,0.5752807799726725,6.0754573189187795,results/weights/fl_vs_sfl_noniid_poisoning_attack/labels_6_per_client/attack_client_0_scale_minus_5p0
attack_client_0_scale_minus_5p0,True,0,-5.0,6,31,SGD,0.005,2.8221842674255373,0.1587,2.8221842674255373,0.1587,0.0,0.0,2.493642689893022,2.6716979420743883,0.5729308549780399,5.7408102008048445,results/weights/fl_vs_sfl_noniid_poisoning_attack/labels_6_per_client/attack_client_0_scale_minus_5p0
attack_client_0_scale_minus_5p0,True,0,-5.0,6,32,SGD,0.005,2.8440581256866455,0.1591,2.8440581256866455,0.1591,0.0,0.0,2.5124975950457156,2.677777932025492,0.5774159170687199,5.773222343996167,results/weights/fl_vs_sfl_noniid_poisoning_attack/labels_6_per_client/attack_client_0_scale_minus_5p0
attack_client_0_scale_minus_5p0,True,0,-5.0,6,33,SGD,0.005,2.8636396598815916,0.1608,2.8636396598815916,0.1608,0.0,0.0,2.50389812188223,2.681821959093213,0.5726697689387947,5.760973081924021,results/weights/fl_vs_sfl_noniid_poisoning_attack/labels_6_per_client/attack_client_0_scale_minus_5p0
attack_client_0_scale_minus_5p0,True,0,-5.0,6,34,SGD,0.005,2.8804079887390137,0.1617,2.8804079887390137,0.1617,0.0,0.0,2.554439947940409,2.8760897549800575,0.5754956661257893,6.049803304020315,results/weights/fl_vs_sfl_noniid_poisoning_attack/labels_6_per_client/attack_client_0_scale_minus_5p0
attack_client_0_scale_minus_5p0,True,0,-5.0,6,35,SGD,0.005,2.8953153450012206,0.1654,2.8953153450012206,0.1654,0.0,0.0,2.560924676945433,2.6853011860512197,0.5681740869767964,5.816979783121496,results/weights/fl_vs_sfl_noniid_poisoning_attack/labels_6_per_client/attack_client_0_scale_minus_5p0
attack_client_0_scale_minus_5p0,True,0,-5.0,6,36,SGD,0.005,2.908744863510132,0.1761,2.908744863510132,0.1761,0.0,0.0,2.5082955760881305,2.7788095821160823,0.5724250129424036,5.862054463010281,results/weights/fl_vs_sfl_noniid_poisoning_attack/labels_6_per_client/attack_client_0_scale_minus_5p0
attack_client_0_scale_minus_5p0,True,0,-5.0,6,37,SGD,0.005,2.9212935585021973,0.1988,2.9212935585021973,0.1988,0.0,0.0,2.4921345082111657,2.6799381801392883,0.571611835854128,5.746384529164061,results/weights/fl_vs_sfl_noniid_poisoning_attack/labels_6_per_client/attack_client_0_scale_minus_5p0
attack_client_0_scale_minus_5p0,True,0,-5.0,6,38,SGD,0.005,2.932596640777588,0.2022,2.932596640777588,0.2022,0.0,0.0,2.4992205779999495,2.862956236116588,0.5789790591225028,5.944147906033322,results/weights/fl_vs_sfl_noniid_poisoning_attack/labels_6_per_client/attack_client_0_scale_minus_5p0
attack_client_0_scale_minus_5p0,True,0,-5.0,6,39,SGD,0.005,2.9421709411621095,0.192,2.9421709411621095,0.192,0.0,0.0,2.7692212250549346,2.8410466969944537,0.5774662559852004,6.1902650548145175,results/weights/fl_vs_sfl_noniid_poisoning_attack/labels_6_per_client/attack_client_0_scale_minus_5p0
attack_client_0_scale_minus_5p0,True,0,-5.0,6,40,SGD,0.005,2.950567788314819,0.1791,2.950567788314819,0.1791,0.0,0.0,2.6259830850176513,2.697547220857814,0.5764584471471608,5.902595477877185,results/weights/fl_vs_sfl_noniid_poisoning_attack/labels_6_per_client/attack_client_0_scale_minus_5p0
attack_client_0_scale_minus_5p0,True,0,-5.0,6,41,SGD,0.005,2.9582290855407716,0.169,2.9582290855407716,0.169,0.0,0.0,2.5260116481222212,2.8418370420113206,0.5734616920817643,5.944005405995995,results/weights/fl_vs_sfl_noniid_poisoning_attack/labels_6_per_client/attack_client_0_scale_minus_5p0
attack_client_0_scale_minus_5p0,True,0,-5.0,6,42,SGD,0.005,2.9647139526367186,0.1652,2.9647139526367186,0.1652,0.0,0.0,2.636343083810061,2.7192270040977746,0.5708465529605746,5.929278153926134,results/weights/fl_vs_sfl_noniid_poisoning_attack/labels_6_per_client/attack_client_0_scale_minus_5p0
attack_client_0_scale_minus_5p0,True,0,-5.0,6,43,SGD,0.005,2.970760715484619,0.1642,2.970760715484619,0.1642,0.0,0.0,2.5110468610655516,2.6658248340245336,0.571118863997981,5.750558802159503,results/weights/fl_vs_sfl_noniid_poisoning_attack/labels_6_per_client/attack_client_0_scale_minus_5p0
attack_client_0_scale_minus_5p0,True,0,-5.0,6,44,SGD,0.005,2.9763327266693116,0.1653,2.9763327266693116,0.1653,0.0,0.0,2.504860023036599,2.728124744957313,0.572005745023489,5.807695895899087,results/weights/fl_vs_sfl_noniid_poisoning_attack/labels_6_per_client/attack_client_0_scale_minus_5p0
attack_client_0_scale_minus_5p0,True,0,-5.0,6,45,SGD,0.005,2.981804485321045,0.1669,2.981804485321045,0.1669,0.0,0.0,2.5148880439810455,2.728178323013708,0.5706486022099853,5.816243025939912,results/weights/fl_vs_sfl_noniid_poisoning_attack/labels_6_per_client/attack_client_0_scale_minus_5p0
attack_client_0_scale_minus_5p0,True,0,-5.0,6,46,SGD,0.005,2.9857988288879396,0.1686,2.9857988288879396,0.1686,0.0,0.0,2.4878989751450717,2.671320185996592,0.5705400940496475,5.732391882920638,results/weights/fl_vs_sfl_noniid_poisoning_attack/labels_6_per_client/attack_client_0_scale_minus_5p0
attack_client_0_scale_minus_5p0,True,0,-5.0,6,47,SGD,0.005,2.990384906387329,0.1698,2.990384906387329,0.1698,0.0,0.0,2.694316507084295,2.7578072058968246,0.5708436188288033,6.02560644201003,results/weights/fl_vs_sfl_noniid_poisoning_attack/labels_6_per_client/attack_client_0_scale_minus_5p0
attack_client_0_scale_minus_5p0,True,0,-5.0,6,48,SGD,0.005,2.995028604888916,0.1713,2.995028604888916,0.1713,0.0,0.0,2.593956967117265,2.77221537893638,0.572492036037147,5.941388227045536,results/weights/fl_vs_sfl_noniid_poisoning_attack/labels_6_per_client/attack_client_0_scale_minus_5p0
attack_client_0_scale_minus_5p0,True,0,-5.0,6,49,SGD,0.005,2.9987255531311034,0.1732,2.9987255531311034,0.1732,0.0,0.0,2.517060968093574,2.7504075351171196,0.5722449140157551,5.842335346154869,results/weights/fl_vs_sfl_noniid_poisoning_attack/labels_6_per_client/attack_client_0_scale_minus_5p0
attack_client_0_scale_minus_5p0,True,0,-5.0,6,50,SGD,0.005,3.0025714202880858,0.1753,3.0025714202880858,0.1753,0.0,0.0,2.50882994197309,2.6851159499492496,0.578560926951468,5.778845734894276,results/weights/fl_vs_sfl_noniid_poisoning_attack/labels_6_per_client/attack_client_0_scale_minus_5p0
